Patient ID,Age,Gender,Diagnosis,Blood Pressure,Heart Rate,Diabetes Status,Admission Date,Discharge Date,Treatment Type,Hospital Name
P0001,76,Female,Appendicitis,140/85,95,No,06-12-2023,16-12-2023,Medication,Riverside Clinic
P0002,72,Male,Heart Failure,106/98,85,Yes,16-03-2025,26-03-2025,Physical Therapy,Northside Hospital
P0003,77,Male,COPD,101/77,64,No,18-08-2024,29-08-2024,Observation,Northside Hospital
P0004,20,Female,Kidney Stones,152/61,79,No,17-07-2023,25-07-2023,Physical Therapy,Riverside Clinic
P0005,76,Male,Heart Failure,141/87,65,Yes,15-11-2024,24-11-2024,Physical Therapy,Northside Hospital
P0006,89,Female,Arthritis,113/84,63,No,20-12-2023,23-12-2023,Observation,City General
P0007,48,Other,Diabetes,132/95,83,No,26-04-2023,29-04-2023,Surgery,Northside Hospital
P0008,57,Male,COPD,158/69,66,Yes,01-05-2024,07-05-2024,Observation,City General
P0009,56,Female,Appendicitis,123/87,70,No,22-05-2023,29-05-2023,Surgery,Southview Medical
P0010,37,Male,Arthritis,153/76,80,Yes,28-04-2023,02-05-2023,Observation,City General
P0011,50,Female,Heart Failure,148/65,90,Yes,06-04-2025,13-04-2025,Surgery,Northside Hospital
P0012,66,Female,Heart Failure,101/96,96,No,17-01-2025,25-01-2025,Medication,Southview Medical
P0013,27,Other,Diabetes,160/80,62,No,16-06-2023,22-06-2023,Observation,Southview Medical
P0014,84,Other,Asthma,160/97,92,Yes,02-08-2023,04-08-2023,Surgery,City General
P0015,41,Male,Arthritis,147/72,96,Yes,23-04-2024,03-05-2024,Medication,Northside Hospital
P0016,29,Other,Pneumonia,131/68,82,No,22-02-2025,26-02-2025,Medication,City General
P0017,63,Other,Pneumonia,116/100,61,No,04-11-2023,17-11-2023,Surgery,City General
P0018,84,Other,Diabetes,134/91,74,No,20-01-2024,01-02-2024,Surgery,City General
P0019,87,Male,Asthma,107/91,60,No,17-05-2024,20-05-2024,Surgery,City General
P0020,53,Other,Hypertension,149/82,76,Yes,22-01-2023,25-01-2023,Medication,Southview Medical
P0021,41,Female,Asthma,146/69,70,Yes,30-01-2023,07-02-2023,Observation,Northside Hospital
P0022,77,Male,Pneumonia,159/89,98,No,03-11-2023,16-11-2023,Medication,Northside Hospital
P0023,21,Female,Arthritis,108/87,60,Yes,15-07-2023,27-07-2023,Surgery,City General
P0024,83,Male,Asthma,141/82,79,No,05-05-2024,18-05-2024,Surgery,Southview Medical
P0025,33,Other,Hypertension,110/97,95,No,01-04-2024,04-04-2024,Surgery,Riverside Clinic
P0026,20,Other,Arthritis,128/88,64,Yes,22-01-2025,04-02-2025,Surgery,Southview Medical
P0027,49,Female,Hypertension,153/63,71,No,26-05-2023,04-06-2023,Medication,Southview Medical
P0028,74,Other,Asthma,106/69,94,No,08-04-2024,17-04-2024,Medication,Riverside Clinic
P0029,29,Female,Heart Failure,128/63,65,Yes,11-11-2024,13-11-2024,Observation,Northside Hospital
P0030,73,Female,Appendicitis,104/68,60,Yes,29-01-2024,05-02-2024,Physical Therapy,Northside Hospital
P0031,85,Male,Arthritis,151/98,100,Yes,02-11-2023,09-11-2023,Physical Therapy,Northside Hospital
P0032,25,Other,COPD,104/86,69,Yes,01-01-2023,14-01-2023,Surgery,Riverside Clinic
P0033,47,Male,Pneumonia,157/60,79,Yes,18-06-2023,29-06-2023,Medication,City General
P0034,33,Female,Hypertension,144/65,85,Yes,03-06-2023,13-06-2023,Physical Therapy,Riverside Clinic
P0035,22,Male,Arthritis,150/86,79,Yes,16-05-2024,21-05-2024,Observation,Northside Hospital
P0036,28,Male,Pneumonia,144/63,88,Yes,26-02-2025,08-03-2025,Medication,City General
P0037,78,Male,Kidney Stones,157/85,68,No,04-11-2023,11-11-2023,Physical Therapy,Riverside Clinic
P0038,29,Female,Arthritis,137/94,94,No,22-01-2025,23-01-2025,Surgery,Northside Hospital
P0039,42,Other,Appendicitis,113/72,84,No,07-09-2024,11-09-2024,Physical Therapy,Northside Hospital
P0040,85,Male,Arthritis,144/85,77,No,31-01-2024,05-02-2024,Observation,Northside Hospital
P0041,51,Male,Appendicitis,105/91,72,Yes,14-02-2023,18-02-2023,Observation,City General
P0042,26,Male,COPD,159/100,64,No,01-11-2023,09-11-2023,Medication,City General
P0043,34,Other,Heart Failure,140/98,100,Yes,03-04-2024,13-04-2024,Surgery,City General
P0044,52,Male,COPD,137/61,64,Yes,26-01-2024,05-02-2024,Observation,Riverside Clinic
P0045,36,Female,Arthritis,129/71,93,No,30-01-2025,06-02-2025,Physical Therapy,Riverside Clinic
P0046,29,Female,COPD,132/70,76,Yes,27-04-2024,01-05-2024,Medication,Riverside Clinic
P0047,34,Male,Stroke,107/71,67,No,19-07-2023,20-07-2023,Physical Therapy,Southview Medical
P0048,80,Male,Hypertension,148/69,79,Yes,01-05-2023,11-05-2023,Surgery,Northside Hospital
P0049,84,Female,Appendicitis,128/63,98,Yes,25-07-2023,06-08-2023,Medication,Southview Medical
P0050,88,Female,Diabetes,147/60,65,No,08-03-2025,20-03-2025,Medication,Northside Hospital
P0051,29,Female,Heart Failure,122/79,94,No,28-08-2023,03-09-2023,Medication,Southview Medical
P0052,40,Male,COPD,148/83,73,No,28-03-2023,04-04-2023,Observation,Southview Medical
P0053,36,Female,Diabetes,125/91,83,No,28-01-2023,08-02-2023,Surgery,Northside Hospital
P0054,74,Female,Hypertension,139/90,85,Yes,05-02-2024,15-02-2024,Physical Therapy,Riverside Clinic
P0055,38,Female,COPD,100/98,79,Yes,28-05-2023,03-06-2023,Physical Therapy,Riverside Clinic
P0056,70,Male,Hypertension,114/74,70,Yes,24-05-2023,06-06-2023,Observation,Riverside Clinic
P0057,83,Female,Kidney Stones,142/70,91,No,31-05-2024,02-06-2024,Observation,Northside Hospital
P0058,45,Other,Pneumonia,139/93,82,Yes,09-02-2023,21-02-2023,Physical Therapy,City General
P0059,41,Male,Appendicitis,142/93,76,No,09-01-2025,12-01-2025,Physical Therapy,Riverside Clinic
P0060,48,Female,Appendicitis,135/66,96,No,09-08-2024,19-08-2024,Observation,Northside Hospital
P0061,31,Female,Hypertension,101/64,66,Yes,22-01-2025,25-01-2025,Physical Therapy,Riverside Clinic
P0062,86,Male,Appendicitis,153/98,93,No,01-02-2024,10-02-2024,Physical Therapy,Northside Hospital
P0063,58,Male,Diabetes,155/74,88,Yes,02-01-2024,16-01-2024,Observation,Southview Medical
P0064,47,Other,Heart Failure,123/86,70,Yes,07-02-2024,16-02-2024,Surgery,Northside Hospital
P0065,49,Other,COPD,160/66,88,No,21-05-2024,24-05-2024,Surgery,City General
P0066,21,Male,Arthritis,130/100,83,No,13-11-2023,18-11-2023,Observation,City General
P0067,61,Female,COPD,102/89,64,No,24-06-2023,01-07-2023,Surgery,Riverside Clinic
P0068,72,Other,Arthritis,127/96,64,Yes,06-02-2024,19-02-2024,Physical Therapy,Southview Medical
P0069,38,Male,COPD,158/78,74,Yes,26-02-2024,08-03-2024,Observation,Northside Hospital
P0070,50,Male,COPD,106/85,64,Yes,14-06-2024,18-06-2024,Physical Therapy,City General
P0071,62,Female,Asthma,101/84,64,Yes,14-09-2024,22-09-2024,Physical Therapy,Riverside Clinic
P0072,76,Other,Hypertension,127/85,75,No,30-09-2023,02-10-2023,Medication,Southview Medical
P0073,53,Female,Pneumonia,102/93,84,Yes,26-03-2023,09-04-2023,Physical Therapy,Riverside Clinic
P0074,41,Other,Stroke,116/100,71,No,10-01-2025,12-01-2025,Physical Therapy,Southview Medical
P0075,66,Male,Appendicitis,124/75,73,Yes,29-10-2023,02-11-2023,Medication,Southview Medical
P0076,73,Male,Arthritis,138/100,85,Yes,19-11-2024,24-11-2024,Observation,City General
P0077,76,Female,Kidney Stones,151/67,77,Yes,27-05-2023,29-05-2023,Physical Therapy,City General
P0078,45,Female,Arthritis,110/67,85,No,08-01-2024,17-01-2024,Medication,Southview Medical
P0079,82,Male,Heart Failure,142/66,74,Yes,24-06-2023,06-07-2023,Observation,Riverside Clinic
P0080,60,Female,Asthma,157/86,72,No,08-02-2025,15-02-2025,Surgery,City General
P0081,22,Male,COPD,112/91,83,Yes,21-01-2025,26-01-2025,Medication,Riverside Clinic
P0082,23,Male,Stroke,147/85,93,No,20-11-2023,28-11-2023,Surgery,Southview Medical
P0083,35,Female,Kidney Stones,148/83,68,No,12-11-2023,17-11-2023,Observation,Northside Hospital
P0084,65,Other,Stroke,155/83,92,Yes,25-02-2024,03-03-2024,Surgery,Northside Hospital
P0085,68,Male,Appendicitis,109/78,89,Yes,11-04-2024,19-04-2024,Observation,Northside Hospital
P0086,31,Other,Kidney Stones,113/63,94,No,27-04-2023,29-04-2023,Medication,Riverside Clinic
P0087,40,Female,Pneumonia,137/78,67,Yes,31-01-2024,05-02-2024,Physical Therapy,Riverside Clinic
P0088,40,Other,Heart Failure,112/67,63,Yes,03-08-2023,15-08-2023,Medication,City General
P0089,34,Male,Diabetes,146/78,62,No,07-08-2024,19-08-2024,Physical Therapy,Southview Medical
P0090,45,Male,COPD,120/82,75,Yes,24-09-2023,02-10-2023,Observation,Northside Hospital
P0091,56,Male,Kidney Stones,106/77,62,Yes,10-04-2023,14-04-2023,Observation,Riverside Clinic
P0092,62,Female,Asthma,112/93,67,No,07-03-2025,17-03-2025,Physical Therapy,Riverside Clinic
P0093,27,Other,COPD,147/70,94,No,05-12-2023,16-12-2023,Medication,Northside Hospital
P0094,28,Female,Appendicitis,156/92,99,No,08-06-2023,11-06-2023,Surgery,City General
P0095,36,Male,Asthma,126/68,61,No,25-03-2025,26-03-2025,Medication,Northside Hospital
P0096,38,Female,Kidney Stones,139/96,91,Yes,20-07-2024,30-07-2024,Medication,Southview Medical
P0097,40,Female,Hypertension,139/97,99,Yes,09-08-2024,22-08-2024,Medication,City General
P0098,75,Male,Heart Failure,158/98,77,No,24-02-2024,07-03-2024,Surgery,Northside Hospital
P0099,55,Female,Diabetes,129/77,69,No,13-04-2023,21-04-2023,Observation,Riverside Clinic
P0100,82,Male,Kidney Stones,117/63,64,Yes,17-09-2023,26-09-2023,Medication,Northside Hospital
P0101,54,Other,Asthma,104/64,99,No,22-03-2023,29-03-2023,Medication,Southview Medical
P0102,29,Other,COPD,120/96,90,Yes,27-10-2023,08-11-2023,Physical Therapy,Riverside Clinic
P0103,51,Other,Hypertension,101/95,65,No,31-07-2023,02-08-2023,Surgery,City General
P0104,29,Male,COPD,109/80,82,No,06-02-2023,07-02-2023,Physical Therapy,City General
P0105,77,Female,Arthritis,123/73,85,Yes,10-05-2024,20-05-2024,Observation,City General
P0106,25,Other,Appendicitis,121/95,87,No,09-10-2024,15-10-2024,Physical Therapy,Northside Hospital
P0107,30,Other,Heart Failure,128/77,72,No,22-04-2024,06-05-2024,Surgery,City General
P0108,32,Male,Arthritis,137/67,75,Yes,17-12-2023,27-12-2023,Observation,City General
P0109,53,Female,Hypertension,119/85,98,Yes,08-08-2023,16-08-2023,Medication,Southview Medical
P0110,61,Other,Stroke,104/79,77,No,02-04-2025,14-04-2025,Medication,Riverside Clinic
P0111,76,Other,Heart Failure,102/86,86,No,28-10-2024,04-11-2024,Observation,Southview Medical
P0112,59,Male,Heart Failure,153/78,80,No,11-10-2024,14-10-2024,Physical Therapy,Northside Hospital
P0113,22,Male,Asthma,124/84,83,No,14-09-2024,28-09-2024,Physical Therapy,Northside Hospital
P0114,87,Male,Hypertension,157/65,93,No,01-05-2023,13-05-2023,Medication,Southview Medical
P0115,88,Other,Appendicitis,106/75,70,Yes,25-02-2024,08-03-2024,Physical Therapy,Northside Hospital
P0116,65,Other,Arthritis,106/81,62,Yes,04-01-2023,13-01-2023,Observation,Riverside Clinic
P0117,18,Other,Asthma,139/63,72,Yes,28-11-2024,10-12-2024,Observation,Riverside Clinic
P0118,64,Female,Pneumonia,153/68,62,No,21-03-2024,04-04-2024,Surgery,Riverside Clinic
P0119,70,Female,Hypertension,122/90,75,Yes,19-03-2024,24-03-2024,Observation,Northside Hospital
P0120,55,Other,Diabetes,104/61,98,No,12-12-2024,21-12-2024,Medication,Southview Medical
P0121,36,Male,Hypertension,137/95,89,No,28-10-2023,30-10-2023,Observation,City General
P0122,77,Male,Hypertension,112/99,85,No,03-03-2024,14-03-2024,Observation,Northside Hospital
P0123,34,Female,Pneumonia,102/82,97,Yes,10-10-2023,24-10-2023,Medication,Northside Hospital
P0124,27,Other,Pneumonia,108/96,78,No,06-01-2025,09-01-2025,Medication,City General
P0125,83,Female,Appendicitis,118/86,99,Yes,27-02-2023,07-03-2023,Medication,Northside Hospital
P0126,45,Female,Diabetes,139/73,75,Yes,09-01-2023,17-01-2023,Surgery,Riverside Clinic
P0127,72,Other,Asthma,139/91,90,No,12-02-2023,26-02-2023,Observation,Southview Medical
P0128,67,Female,Pneumonia,127/60,86,Yes,19-12-2024,24-12-2024,Surgery,Riverside Clinic
P0129,47,Other,Hypertension,155/77,77,Yes,29-07-2023,05-08-2023,Medication,Northside Hospital
P0130,82,Other,Hypertension,100/92,100,No,12-11-2024,23-11-2024,Observation,Northside Hospital
P0131,38,Male,Asthma,156/77,94,Yes,20-02-2025,22-02-2025,Medication,Southview Medical
P0132,83,Male,Kidney Stones,150/96,97,No,20-08-2024,31-08-2024,Physical Therapy,Northside Hospital
P0133,30,Other,Kidney Stones,101/93,96,Yes,30-09-2024,05-10-2024,Physical Therapy,Riverside Clinic
P0134,81,Male,Heart Failure,143/90,66,No,07-03-2024,20-03-2024,Observation,City General
P0135,30,Male,Pneumonia,122/64,92,Yes,16-04-2023,26-04-2023,Observation,Southview Medical
P0136,70,Other,COPD,131/65,64,No,14-12-2023,28-12-2023,Surgery,Northside Hospital
P0137,58,Male,Pneumonia,150/65,94,No,04-07-2024,13-07-2024,Physical Therapy,Northside Hospital
P0138,39,Male,COPD,155/96,85,Yes,18-02-2023,25-02-2023,Surgery,Northside Hospital
P0139,87,Female,Heart Failure,146/86,76,No,30-03-2024,10-04-2024,Surgery,Southview Medical
P0140,84,Female,COPD,102/92,94,Yes,09-12-2023,18-12-2023,Physical Therapy,City General
P0141,54,Other,Asthma,135/74,66,No,07-09-2023,19-09-2023,Medication,City General
P0142,35,Female,Diabetes,127/99,91,Yes,16-08-2023,23-08-2023,Medication,City General
P0143,85,Other,Arthritis,102/76,84,Yes,17-11-2023,26-11-2023,Medication,Southview Medical
P0144,23,Other,Hypertension,146/82,67,Yes,23-06-2024,05-07-2024,Physical Therapy,City General
P0145,59,Female,Heart Failure,150/67,79,No,25-10-2024,05-11-2024,Observation,Southview Medical
P0146,80,Female,Appendicitis,150/79,92,Yes,22-07-2024,24-07-2024,Physical Therapy,City General
P0147,64,Other,Asthma,131/75,91,No,12-12-2024,16-12-2024,Physical Therapy,City General
P0148,83,Female,Appendicitis,159/87,87,No,04-07-2024,14-07-2024,Medication,Riverside Clinic
P0149,48,Female,Arthritis,101/67,97,No,25-06-2023,09-07-2023,Observation,City General
P0150,52,Male,Asthma,124/99,95,Yes,13-03-2023,20-03-2023,Physical Therapy,Southview Medical
P0151,19,Male,Kidney Stones,149/81,96,No,26-07-2023,07-08-2023,Surgery,Northside Hospital
P0152,87,Other,Arthritis,145/77,98,No,05-05-2023,13-05-2023,Physical Therapy,City General
P0153,58,Male,Appendicitis,103/96,100,No,14-01-2024,25-01-2024,Medication,Riverside Clinic
P0154,42,Other,Arthritis,157/66,66,Yes,10-01-2023,22-01-2023,Medication,Riverside Clinic
P0155,59,Male,Heart Failure,102/80,85,No,15-01-2025,18-01-2025,Medication,City General
P0156,20,Female,Appendicitis,142/67,89,No,14-08-2024,17-08-2024,Medication,Riverside Clinic
P0157,35,Other,Diabetes,144/71,60,Yes,21-07-2024,27-07-2024,Physical Therapy,City General
P0158,44,Other,Heart Failure,149/84,75,Yes,11-07-2024,15-07-2024,Surgery,Northside Hospital
P0159,87,Other,Stroke,119/64,99,No,22-01-2023,23-01-2023,Physical Therapy,Northside Hospital
P0160,32,Female,Hypertension,127/72,71,Yes,05-10-2023,13-10-2023,Observation,Northside Hospital
P0161,56,Male,Stroke,156/86,86,Yes,28-06-2024,05-07-2024,Observation,Riverside Clinic
P0162,20,Female,Stroke,156/95,91,Yes,11-06-2024,12-06-2024,Physical Therapy,Riverside Clinic
P0163,86,Male,COPD,119/85,70,No,05-02-2023,14-02-2023,Observation,Northside Hospital
P0164,79,Other,Asthma,118/69,80,No,18-06-2023,19-06-2023,Observation,Northside Hospital
P0165,57,Other,Hypertension,130/89,90,Yes,28-04-2023,05-05-2023,Physical Therapy,Southview Medical
P0166,53,Other,Asthma,127/94,69,Yes,21-03-2023,31-03-2023,Observation,Riverside Clinic
P0167,25,Male,Arthritis,104/94,70,Yes,09-02-2024,14-02-2024,Medication,Riverside Clinic
P0168,61,Male,Kidney Stones,143/94,97,No,14-09-2024,25-09-2024,Surgery,Riverside Clinic
P0169,85,Male,Stroke,144/74,72,No,04-01-2024,17-01-2024,Medication,City General
P0170,45,Other,Asthma,126/71,73,Yes,19-04-2023,03-05-2023,Physical Therapy,Riverside Clinic
P0171,52,Male,Diabetes,115/90,82,Yes,18-08-2024,01-09-2024,Medication,Northside Hospital
P0172,65,Female,COPD,129/73,81,Yes,05-01-2024,10-01-2024,Surgery,City General
P0173,87,Female,COPD,135/96,86,Yes,10-04-2023,16-04-2023,Medication,City General
P0174,34,Female,Hypertension,105/70,65,Yes,13-01-2025,18-01-2025,Physical Therapy,Southview Medical
P0175,44,Male,Asthma,120/98,77,Yes,12-08-2023,15-08-2023,Physical Therapy,Riverside Clinic
P0176,69,Female,Diabetes,134/70,71,No,15-01-2025,24-01-2025,Physical Therapy,Riverside Clinic
P0177,53,Female,Diabetes,103/85,97,Yes,05-02-2025,08-02-2025,Observation,Southview Medical
P0178,59,Male,Diabetes,137/93,65,No,02-03-2023,09-03-2023,Physical Therapy,Southview Medical
P0179,88,Other,Heart Failure,130/70,76,Yes,27-09-2023,11-10-2023,Medication,Southview Medical
P0180,47,Other,Heart Failure,139/95,99,No,20-11-2023,26-11-2023,Observation,Southview Medical
P0181,39,Male,Diabetes,100/82,68,No,01-10-2024,09-10-2024,Physical Therapy,Southview Medical
P0182,63,Female,Asthma,136/99,71,Yes,20-12-2023,01-01-2024,Observation,Riverside Clinic
P0183,29,Other,COPD,115/66,98,No,14-06-2023,28-06-2023,Observation,City General
P0184,47,Male,Stroke,122/76,86,No,24-01-2024,07-02-2024,Medication,Southview Medical
P0185,87,Female,Pneumonia,116/67,64,No,27-06-2023,05-07-2023,Medication,Northside Hospital
P0186,54,Other,Stroke,143/99,80,No,30-07-2023,08-08-2023,Surgery,Southview Medical
P0187,57,Female,Appendicitis,124/89,88,No,28-01-2024,29-01-2024,Physical Therapy,Riverside Clinic
P0188,56,Female,Pneumonia,109/61,84,No,24-12-2023,07-01-2024,Surgery,Northside Hospital
P0189,78,Male,COPD,126/86,82,Yes,29-07-2023,12-08-2023,Physical Therapy,Northside Hospital
P0190,56,Other,Heart Failure,104/75,68,Yes,23-09-2023,29-09-2023,Medication,Southview Medical
P0191,78,Female,Pneumonia,140/85,75,Yes,29-12-2024,05-01-2025,Surgery,City General
P0192,56,Female,Arthritis,155/88,93,Yes,18-05-2023,28-05-2023,Surgery,Northside Hospital
P0193,57,Male,Asthma,140/98,99,No,19-05-2024,21-05-2024,Physical Therapy,Riverside Clinic
P0194,82,Other,Arthritis,107/63,94,Yes,27-05-2023,30-05-2023,Physical Therapy,City General
P0195,76,Other,Stroke,117/95,83,No,12-02-2024,22-02-2024,Medication,Northside Hospital
P0196,61,Other,COPD,159/65,65,Yes,05-06-2023,06-06-2023,Observation,Northside Hospital
P0197,46,Female,Appendicitis,120/93,70,Yes,28-04-2024,12-05-2024,Physical Therapy,City General
P0198,40,Male,Pneumonia,140/71,68,No,07-11-2024,11-11-2024,Surgery,Northside Hospital
P0199,87,Other,Appendicitis,158/74,99,Yes,19-03-2024,01-04-2024,Medication,Southview Medical
P0200,71,Female,Stroke,159/93,73,No,23-02-2023,27-02-2023,Medication,City General
P0201,60,Other,Diabetes,149/97,92,Yes,05-02-2024,10-02-2024,Observation,Riverside Clinic
P0202,88,Other,Stroke,135/84,92,Yes,15-12-2023,17-12-2023,Surgery,Northside Hospital
P0203,60,Female,Arthritis,112/60,76,No,28-07-2024,11-08-2024,Physical Therapy,City General
P0204,89,Other,Stroke,123/94,75,No,10-09-2024,18-09-2024,Surgery,Riverside Clinic
P0205,49,Female,Hypertension,151/71,84,No,20-04-2023,29-04-2023,Medication,Northside Hospital
P0206,68,Other,Stroke,151/63,61,No,01-04-2025,05-04-2025,Observation,Riverside Clinic
P0207,67,Female,COPD,115/86,77,Yes,27-02-2025,02-03-2025,Observation,Riverside Clinic
P0208,71,Male,Pneumonia,143/68,67,Yes,19-11-2024,20-11-2024,Medication,Northside Hospital
P0209,73,Other,Kidney Stones,129/65,77,No,28-02-2024,09-03-2024,Surgery,Northside Hospital
P0210,60,Other,Pneumonia,114/72,69,Yes,25-01-2025,31-01-2025,Physical Therapy,City General
P0211,27,Female,COPD,101/91,71,No,16-01-2024,26-01-2024,Physical Therapy,Riverside Clinic
P0212,36,Other,Kidney Stones,120/67,89,No,11-05-2024,22-05-2024,Observation,Northside Hospital
P0213,28,Male,COPD,114/62,97,Yes,18-11-2023,01-12-2023,Observation,Northside Hospital
P0214,60,Other,Kidney Stones,141/74,84,Yes,21-08-2024,26-08-2024,Physical Therapy,City General
P0215,89,Female,Stroke,140/100,70,No,30-03-2024,06-04-2024,Medication,City General
P0216,68,Other,COPD,110/83,62,No,03-11-2024,05-11-2024,Observation,City General
P0217,25,Male,Heart Failure,149/64,65,No,27-03-2024,05-04-2024,Surgery,City General
P0218,46,Other,COPD,123/90,70,No,14-12-2024,17-12-2024,Physical Therapy,Riverside Clinic
P0219,75,Other,Appendicitis,144/74,67,No,22-06-2024,25-06-2024,Medication,Northside Hospital
P0220,64,Male,Stroke,136/90,79,Yes,04-02-2023,11-02-2023,Surgery,City General
P0221,90,Male,COPD,159/90,98,Yes,23-01-2024,30-01-2024,Surgery,Northside Hospital
P0222,61,Female,Appendicitis,148/65,81,Yes,02-01-2025,10-01-2025,Physical Therapy,Riverside Clinic
P0223,85,Male,Pneumonia,149/66,76,No,21-08-2024,25-08-2024,Physical Therapy,Riverside Clinic
P0224,22,Female,Pneumonia,142/65,71,Yes,25-12-2024,03-01-2025,Surgery,Southview Medical
P0225,67,Other,Heart Failure,100/100,77,Yes,09-08-2023,20-08-2023,Surgery,Northside Hospital
P0226,83,Male,Diabetes,145/68,90,No,24-12-2024,26-12-2024,Physical Therapy,City General
P0227,47,Male,Pneumonia,155/68,62,Yes,30-05-2023,12-06-2023,Surgery,Northside Hospital
P0228,79,Male,Kidney Stones,100/98,77,Yes,20-04-2024,27-04-2024,Medication,Southview Medical
P0229,86,Male,Asthma,115/94,90,No,15-09-2024,22-09-2024,Physical Therapy,Riverside Clinic
P0230,36,Female,COPD,118/63,68,No,21-11-2023,27-11-2023,Observation,City General
P0231,62,Other,Kidney Stones,135/80,73,No,03-01-2023,11-01-2023,Observation,Southview Medical
P0232,63,Female,Arthritis,107/72,97,Yes,15-02-2025,26-02-2025,Physical Therapy,City General
P0233,31,Male,Diabetes,133/76,63,No,10-11-2024,23-11-2024,Physical Therapy,Northside Hospital
P0234,75,Female,Appendicitis,128/71,78,Yes,15-01-2023,16-01-2023,Observation,Riverside Clinic
P0235,45,Female,Arthritis,152/83,64,No,25-04-2023,02-05-2023,Observation,Southview Medical
P0236,25,Male,Stroke,122/82,62,Yes,01-11-2023,11-11-2023,Medication,City General
P0237,50,Male,Hypertension,154/81,63,No,02-11-2024,03-11-2024,Physical Therapy,City General
P0238,54,Male,Appendicitis,134/61,84,No,10-02-2025,15-02-2025,Surgery,Northside Hospital
P0239,29,Female,COPD,154/72,98,Yes,20-05-2024,29-05-2024,Observation,City General
P0240,80,Female,Arthritis,107/87,98,No,03-06-2023,17-06-2023,Medication,Northside Hospital
P0241,72,Other,Kidney Stones,127/71,72,Yes,11-09-2024,22-09-2024,Medication,Southview Medical
P0242,23,Female,Arthritis,111/69,79,No,30-04-2023,10-05-2023,Medication,Northside Hospital
P0243,35,Male,Heart Failure,116/87,88,Yes,20-03-2024,30-03-2024,Physical Therapy,Southview Medical
P0244,31,Female,Heart Failure,115/68,76,Yes,21-01-2023,28-01-2023,Medication,City General
P0245,33,Female,Pneumonia,135/78,62,No,08-04-2023,18-04-2023,Observation,Riverside Clinic
P0246,36,Female,Arthritis,101/95,76,No,16-07-2024,30-07-2024,Physical Therapy,Northside Hospital
P0247,55,Other,Diabetes,145/68,89,Yes,09-01-2024,20-01-2024,Physical Therapy,Riverside Clinic
P0248,75,Female,Stroke,125/97,87,No,08-02-2024,16-02-2024,Observation,Southview Medical
P0249,59,Male,COPD,123/79,69,No,17-05-2024,24-05-2024,Observation,Northside Hospital
P0250,61,Female,Hypertension,108/97,96,No,07-06-2023,18-06-2023,Physical Therapy,Northside Hospital
P0251,70,Male,Appendicitis,100/96,93,No,21-11-2024,25-11-2024,Medication,Riverside Clinic
P0252,21,Male,COPD,144/98,74,Yes,25-09-2023,03-10-2023,Surgery,Southview Medical
P0253,62,Female,Stroke,157/61,73,No,08-03-2024,15-03-2024,Surgery,Southview Medical
P0254,20,Male,COPD,154/73,87,Yes,22-10-2024,26-10-2024,Physical Therapy,Northside Hospital
P0255,77,Other,Arthritis,156/92,93,No,25-07-2024,06-08-2024,Medication,Riverside Clinic
P0256,70,Male,Appendicitis,116/72,77,Yes,05-02-2024,16-02-2024,Surgery,Riverside Clinic
P0257,49,Female,Stroke,158/82,84,No,16-03-2025,22-03-2025,Observation,Riverside Clinic
P0258,81,Male,Diabetes,116/67,75,No,19-01-2025,01-02-2025,Surgery,Southview Medical
P0259,56,Female,Kidney Stones,159/82,70,No,17-02-2023,28-02-2023,Medication,Riverside Clinic
P0260,65,Male,Pneumonia,135/78,100,No,16-07-2023,25-07-2023,Observation,Northside Hospital
P0261,24,Male,Diabetes,106/81,61,Yes,23-03-2025,31-03-2025,Medication,Riverside Clinic
P0262,18,Other,COPD,133/66,80,No,29-01-2025,02-02-2025,Physical Therapy,City General
P0263,71,Other,Diabetes,123/97,85,Yes,12-11-2023,18-11-2023,Observation,Northside Hospital
P0264,42,Other,Arthritis,135/68,84,No,03-06-2023,15-06-2023,Surgery,City General
P0265,27,Other,Appendicitis,105/83,86,Yes,07-06-2024,09-06-2024,Medication,Northside Hospital
P0266,21,Other,Kidney Stones,137/61,67,No,28-11-2023,06-12-2023,Physical Therapy,Northside Hospital
P0267,84,Female,Hypertension,102/68,89,No,28-07-2023,31-07-2023,Observation,Northside Hospital
P0268,34,Other,COPD,101/87,89,No,13-11-2023,22-11-2023,Surgery,Northside Hospital
P0269,87,Other,Asthma,142/83,78,Yes,01-11-2024,08-11-2024,Physical Therapy,Northside Hospital
P0270,28,Other,COPD,110/60,63,No,13-03-2023,25-03-2023,Observation,Northside Hospital
P0271,85,Male,Hypertension,122/70,84,No,15-03-2023,16-03-2023,Medication,Northside Hospital
P0272,40,Male,Kidney Stones,134/83,95,No,25-07-2023,26-07-2023,Medication,Southview Medical
P0273,23,Male,Arthritis,130/74,67,No,20-05-2024,21-05-2024,Surgery,City General
P0274,68,Male,Stroke,124/74,89,No,07-02-2024,13-02-2024,Medication,Northside Hospital
P0275,27,Female,Hypertension,146/99,64,No,16-07-2024,30-07-2024,Medication,Northside Hospital
P0276,74,Female,Arthritis,158/67,81,Yes,26-09-2023,04-10-2023,Observation,Riverside Clinic
P0277,77,Male,COPD,123/99,96,No,24-02-2025,07-03-2025,Medication,City General
P0278,29,Other,Heart Failure,133/79,69,No,04-06-2023,08-06-2023,Physical Therapy,City General
P0279,30,Male,Asthma,121/66,87,No,24-07-2024,26-07-2024,Surgery,City General
P0280,48,Female,Kidney Stones,109/76,79,Yes,12-01-2023,22-01-2023,Surgery,Northside Hospital
P0281,31,Other,Asthma,152/73,69,No,22-12-2024,29-12-2024,Observation,Northside Hospital
P0282,78,Male,Diabetes,156/76,89,Yes,29-01-2023,01-02-2023,Surgery,City General
P0283,31,Male,Appendicitis,157/100,86,Yes,23-10-2023,25-10-2023,Medication,City General
P0284,80,Male,Hypertension,151/85,66,No,06-04-2025,20-04-2025,Observation,Southview Medical
P0285,83,Male,Appendicitis,154/86,100,Yes,27-03-2023,05-04-2023,Observation,City General
P0286,71,Male,Kidney Stones,105/85,77,Yes,15-01-2023,22-01-2023,Medication,Riverside Clinic
P0287,53,Other,Asthma,116/63,80,Yes,02-08-2024,06-08-2024,Surgery,Northside Hospital
P0288,24,Male,Pneumonia,133/72,71,No,02-07-2023,04-07-2023,Physical Therapy,Riverside Clinic
P0289,81,Male,Asthma,119/71,73,No,18-07-2023,29-07-2023,Physical Therapy,City General
P0290,82,Female,Diabetes,141/92,65,Yes,30-08-2023,07-09-2023,Physical Therapy,Northside Hospital
P0291,24,Male,Stroke,102/93,72,No,07-12-2024,17-12-2024,Surgery,City General
P0292,81,Female,COPD,135/66,70,Yes,23-07-2024,29-07-2024,Medication,Riverside Clinic
P0293,52,Male,Pneumonia,151/84,89,No,03-04-2024,14-04-2024,Surgery,Southview Medical
P0294,58,Other,Pneumonia,112/92,74,Yes,27-10-2024,09-11-2024,Physical Therapy,Riverside Clinic
P0295,25,Other,Pneumonia,151/78,81,No,16-03-2023,23-03-2023,Medication,Southview Medical
P0296,55,Female,Arthritis,125/88,64,No,30-10-2024,08-11-2024,Surgery,City General
P0297,84,Male,Stroke,108/69,61,No,11-02-2025,20-02-2025,Surgery,Riverside Clinic
P0298,35,Male,Appendicitis,157/96,100,Yes,19-05-2023,28-05-2023,Medication,Riverside Clinic
P0299,87,Other,Heart Failure,160/62,89,Yes,15-05-2023,22-05-2023,Physical Therapy,Riverside Clinic
P0300,72,Other,Pneumonia,117/71,61,Yes,16-06-2024,30-06-2024,Surgery,Northside Hospital
P0301,21,Female,Diabetes,105/92,65,No,13-09-2023,26-09-2023,Observation,Southview Medical
P0302,89,Male,Appendicitis,156/78,75,No,17-03-2025,22-03-2025,Physical Therapy,City General
P0303,63,Other,Arthritis,100/77,89,Yes,05-06-2023,09-06-2023,Observation,City General
P0304,37,Male,Appendicitis,104/69,87,No,26-01-2025,06-02-2025,Surgery,City General
P0305,71,Other,Stroke,113/98,70,No,13-02-2025,20-02-2025,Observation,Southview Medical
P0306,86,Other,COPD,102/79,63,No,05-10-2023,15-10-2023,Observation,Northside Hospital
P0307,73,Male,Pneumonia,158/79,79,Yes,24-08-2024,06-09-2024,Medication,Southview Medical
P0308,71,Other,Kidney Stones,160/92,87,No,21-05-2024,22-05-2024,Physical Therapy,Riverside Clinic
P0309,50,Other,Diabetes,114/60,73,Yes,29-07-2024,05-08-2024,Observation,Southview Medical
P0310,67,Other,Diabetes,105/91,100,No,10-03-2024,22-03-2024,Medication,Southview Medical
P0311,44,Other,Appendicitis,148/91,95,Yes,31-03-2024,05-04-2024,Surgery,Southview Medical
P0312,86,Other,Stroke,129/97,75,Yes,14-11-2023,16-11-2023,Medication,City General
P0313,51,Other,COPD,135/99,83,No,04-05-2024,05-05-2024,Observation,Riverside Clinic
P0314,32,Other,Appendicitis,126/100,62,Yes,19-01-2023,25-01-2023,Physical Therapy,Riverside Clinic
P0315,44,Male,Stroke,124/69,93,No,06-09-2024,20-09-2024,Medication,Southview Medical
P0316,86,Male,Arthritis,115/67,97,Yes,21-09-2023,04-10-2023,Observation,Southview Medical
P0317,71,Male,Kidney Stones,118/76,66,No,08-12-2023,13-12-2023,Surgery,Northside Hospital
P0318,76,Other,Stroke,117/67,91,Yes,02-07-2024,05-07-2024,Physical Therapy,Southview Medical
P0319,26,Other,Asthma,148/93,60,Yes,30-03-2023,11-04-2023,Physical Therapy,Southview Medical
P0320,78,Male,Stroke,158/78,94,Yes,11-02-2023,17-02-2023,Physical Therapy,City General
P0321,79,Female,Heart Failure,140/99,64,Yes,25-01-2024,04-02-2024,Medication,Southview Medical
P0322,32,Female,Heart Failure,142/64,68,Yes,19-03-2024,23-03-2024,Observation,Riverside Clinic
P0323,49,Female,Kidney Stones,148/63,70,No,11-01-2023,23-01-2023,Observation,Northside Hospital
P0324,66,Female,Diabetes,158/79,63,Yes,25-04-2023,05-05-2023,Medication,Southview Medical
P0325,90,Female,Diabetes,108/65,63,Yes,23-09-2024,04-10-2024,Medication,Northside Hospital
P0326,39,Other,Arthritis,146/62,88,No,12-03-2023,14-03-2023,Physical Therapy,City General
P0327,42,Female,Appendicitis,142/97,97,Yes,02-02-2024,09-02-2024,Physical Therapy,City General
P0328,47,Female,Heart Failure,102/69,68,Yes,14-10-2024,22-10-2024,Physical Therapy,City General
P0329,42,Female,Asthma,106/83,64,Yes,09-05-2023,15-05-2023,Observation,City General
P0330,18,Other,Diabetes,125/84,92,No,28-03-2023,11-04-2023,Observation,Riverside Clinic
P0331,82,Other,COPD,113/71,77,Yes,24-12-2023,30-12-2023,Physical Therapy,Northside Hospital
P0332,68,Female,Stroke,135/95,97,Yes,26-01-2025,01-02-2025,Physical Therapy,Southview Medical
P0333,78,Other,Asthma,149/76,100,No,25-10-2023,29-10-2023,Observation,City General
P0334,68,Female,Stroke,129/69,87,Yes,28-12-2023,29-12-2023,Surgery,Riverside Clinic
P0335,85,Other,Kidney Stones,117/79,95,No,04-04-2024,06-04-2024,Physical Therapy,Riverside Clinic
P0336,33,Male,Kidney Stones,156/65,79,No,10-02-2023,16-02-2023,Observation,Northside Hospital
P0337,57,Male,Appendicitis,134/88,77,No,16-06-2024,28-06-2024,Medication,City General
P0338,57,Other,COPD,159/89,74,No,24-01-2023,30-01-2023,Physical Therapy,Northside Hospital
P0339,34,Female,Stroke,112/72,82,Yes,01-01-2024,12-01-2024,Physical Therapy,City General
P0340,42,Female,Arthritis,131/79,97,No,03-08-2024,16-08-2024,Physical Therapy,Riverside Clinic
P0341,43,Female,Pneumonia,130/62,84,Yes,11-03-2024,16-03-2024,Medication,Southview Medical
P0342,50,Other,Stroke,107/64,73,Yes,30-03-2023,02-04-2023,Observation,Riverside Clinic
P0343,78,Male,Heart Failure,106/76,64,No,27-09-2023,02-10-2023,Medication,Northside Hospital
P0344,36,Male,Heart Failure,157/96,77,Yes,23-07-2023,31-07-2023,Medication,Riverside Clinic
P0345,42,Female,Arthritis,128/73,96,No,29-01-2024,10-02-2024,Observation,City General
P0346,27,Female,COPD,152/100,67,No,26-02-2024,11-03-2024,Surgery,Southview Medical
P0347,18,Other,Heart Failure,156/77,82,No,26-04-2023,09-05-2023,Physical Therapy,Riverside Clinic
P0348,19,Male,Pneumonia,154/95,82,No,06-04-2024,17-04-2024,Surgery,Riverside Clinic
P0349,28,Female,Hypertension,120/86,71,Yes,19-06-2023,26-06-2023,Surgery,Riverside Clinic
P0350,36,Other,Hypertension,131/92,75,Yes,02-01-2024,03-01-2024,Medication,Northside Hospital
P0351,41,Male,Asthma,146/77,62,No,25-07-2024,05-08-2024,Surgery,City General
P0352,88,Other,Stroke,121/97,88,Yes,05-05-2024,10-05-2024,Medication,Riverside Clinic
P0353,56,Other,Hypertension,144/72,79,Yes,19-03-2023,31-03-2023,Medication,Southview Medical
P0354,55,Male,Arthritis,144/88,85,Yes,07-09-2023,08-09-2023,Observation,Northside Hospital
P0355,32,Male,Hypertension,110/60,67,Yes,04-10-2024,16-10-2024,Physical Therapy,Northside Hospital
P0356,54,Male,Pneumonia,100/93,78,No,08-10-2023,16-10-2023,Physical Therapy,Northside Hospital
P0357,21,Other,COPD,132/78,90,No,03-11-2023,15-11-2023,Medication,Northside Hospital
P0358,55,Other,Stroke,118/75,65,Yes,13-04-2024,15-04-2024,Medication,Southview Medical
P0359,83,Female,Arthritis,139/83,61,Yes,21-09-2024,23-09-2024,Surgery,Riverside Clinic
P0360,20,Other,Hypertension,107/71,64,Yes,04-01-2025,09-01-2025,Surgery,Northside Hospital
P0361,84,Other,Pneumonia,139/82,90,No,13-12-2023,26-12-2023,Physical Therapy,City General
P0362,50,Other,COPD,105/94,76,No,15-01-2025,25-01-2025,Medication,Northside Hospital
P0363,78,Female,Stroke,127/78,70,Yes,06-02-2024,10-02-2024,Surgery,City General
P0364,81,Male,Appendicitis,115/66,97,No,01-08-2024,11-08-2024,Physical Therapy,Northside Hospital
P0365,20,Male,Kidney Stones,127/68,92,No,14-02-2025,17-02-2025,Observation,Riverside Clinic
P0366,69,Male,Heart Failure,127/91,85,No,01-10-2023,08-10-2023,Physical Therapy,Southview Medical
P0367,40,Other,Stroke,144/87,84,No,26-08-2024,07-09-2024,Physical Therapy,Northside Hospital
P0368,56,Male,Hypertension,134/94,69,Yes,21-07-2024,26-07-2024,Medication,Northside Hospital
P0369,19,Other,COPD,137/62,100,Yes,29-09-2024,30-09-2024,Physical Therapy,Riverside Clinic
P0370,47,Other,Pneumonia,128/79,75,No,19-11-2023,25-11-2023,Surgery,Northside Hospital
P0371,75,Other,Diabetes,131/65,65,No,30-06-2023,07-07-2023,Physical Therapy,Northside Hospital
P0372,84,Female,Kidney Stones,119/90,91,No,17-02-2025,21-02-2025,Observation,Northside Hospital
P0373,38,Female,Asthma,120/73,74,Yes,20-05-2024,01-06-2024,Surgery,City General
P0374,67,Male,Heart Failure,128/63,92,Yes,26-07-2024,02-08-2024,Surgery,Northside Hospital
P0375,59,Male,Diabetes,120/65,76,No,06-06-2023,10-06-2023,Physical Therapy,Riverside Clinic
P0376,45,Female,COPD,155/100,92,No,28-08-2023,10-09-2023,Surgery,Riverside Clinic
P0377,70,Other,Stroke,130/95,87,Yes,13-06-2023,20-06-2023,Observation,Northside Hospital
P0378,70,Male,Diabetes,134/95,89,Yes,21-01-2024,24-01-2024,Physical Therapy,Riverside Clinic
P0379,32,Female,Diabetes,118/83,77,Yes,26-02-2023,05-03-2023,Medication,City General
P0380,47,Male,Diabetes,126/65,69,Yes,29-03-2025,07-04-2025,Medication,Northside Hospital
P0381,26,Male,Hypertension,139/98,82,No,21-08-2024,25-08-2024,Surgery,Northside Hospital
P0382,34,Male,Stroke,135/90,92,Yes,15-08-2023,19-08-2023,Physical Therapy,Northside Hospital
P0383,89,Female,Diabetes,103/82,82,No,09-02-2024,20-02-2024,Observation,Northside Hospital
P0384,79,Female,Diabetes,155/99,83,Yes,21-08-2023,26-08-2023,Physical Therapy,City General
P0385,21,Other,Stroke,114/84,69,Yes,16-08-2024,26-08-2024,Medication,City General
P0386,20,Male,Stroke,102/83,76,No,03-06-2023,17-06-2023,Surgery,Riverside Clinic
P0387,64,Other,Heart Failure,151/71,65,Yes,09-08-2024,11-08-2024,Surgery,City General
P0388,33,Female,Stroke,125/90,96,No,03-02-2024,13-02-2024,Physical Therapy,City General
P0389,34,Male,Heart Failure,109/78,74,No,28-10-2024,01-11-2024,Medication,City General
P0390,40,Male,Pneumonia,139/92,77,No,11-08-2024,15-08-2024,Physical Therapy,City General
P0391,49,Male,Hypertension,112/61,74,No,28-08-2023,02-09-2023,Observation,Southview Medical
P0392,86,Male,Kidney Stones,148/81,83,Yes,03-02-2025,06-02-2025,Observation,Northside Hospital
P0393,25,Male,Hypertension,130/62,80,No,01-04-2024,15-04-2024,Surgery,Northside Hospital
P0394,75,Male,Kidney Stones,150/80,80,Yes,04-01-2023,05-01-2023,Observation,Northside Hospital
P0395,51,Male,Pneumonia,102/82,97,Yes,21-06-2023,24-06-2023,Surgery,City General
P0396,63,Female,Kidney Stones,111/93,78,No,26-08-2024,03-09-2024,Surgery,City General
P0397,76,Female,Heart Failure,109/62,88,Yes,12-08-2024,25-08-2024,Surgery,City General
P0398,52,Male,Kidney Stones,142/90,73,Yes,24-11-2023,29-11-2023,Surgery,Northside Hospital
P0399,71,Other,Kidney Stones,156/69,85,No,16-03-2023,28-03-2023,Medication,Riverside Clinic
P0400,60,Male,Diabetes,129/90,69,Yes,10-02-2025,13-02-2025,Observation,Northside Hospital
P0401,56,Female,Pneumonia,119/72,91,No,08-01-2024,17-01-2024,Surgery,Southview Medical
P0402,84,Male,Arthritis,127/98,79,Yes,02-11-2023,07-11-2023,Surgery,City General
P0403,70,Other,Hypertension,107/99,81,No,27-03-2024,02-04-2024,Surgery,Riverside Clinic
P0404,66,Male,Pneumonia,112/67,66,Yes,14-05-2023,15-05-2023,Physical Therapy,Southview Medical
P0405,43,Male,Kidney Stones,132/86,63,No,19-02-2023,26-02-2023,Medication,Northside Hospital
P0406,45,Other,Asthma,153/73,93,Yes,06-04-2024,17-04-2024,Physical Therapy,Riverside Clinic
P0407,81,Female,Diabetes,111/99,64,Yes,24-06-2024,26-06-2024,Observation,City General
P0408,62,Other,Diabetes,141/72,86,Yes,23-02-2024,25-02-2024,Physical Therapy,Riverside Clinic
P0409,74,Male,Asthma,134/86,79,No,07-09-2024,14-09-2024,Physical Therapy,Northside Hospital
P0410,82,Female,Stroke,111/65,65,No,27-03-2024,01-04-2024,Observation,Southview Medical
P0411,48,Male,Pneumonia,124/72,100,No,08-03-2024,16-03-2024,Medication,Northside Hospital
P0412,54,Male,Appendicitis,153/64,62,Yes,13-12-2023,15-12-2023,Observation,Riverside Clinic
P0413,77,Male,Kidney Stones,105/68,85,Yes,27-01-2024,05-02-2024,Surgery,Southview Medical
P0414,69,Female,Appendicitis,100/98,96,No,13-04-2023,21-04-2023,Medication,Northside Hospital
P0415,21,Other,Asthma,140/86,92,Yes,19-01-2023,27-01-2023,Medication,City General
P0416,35,Male,Kidney Stones,122/86,78,Yes,01-07-2023,06-07-2023,Physical Therapy,Riverside Clinic
P0417,73,Female,Heart Failure,140/96,84,No,28-12-2024,11-01-2025,Observation,Southview Medical
P0418,18,Male,Pneumonia,122/61,98,Yes,25-02-2025,11-03-2025,Medication,Southview Medical
P0419,38,Male,Diabetes,141/64,94,No,06-01-2025,17-01-2025,Surgery,Riverside Clinic
P0420,53,Other,Diabetes,110/88,83,Yes,11-02-2025,19-02-2025,Physical Therapy,Northside Hospital
P0421,64,Male,Pneumonia,134/63,98,No,29-06-2024,10-07-2024,Observation,City General
P0422,86,Male,Pneumonia,101/84,85,No,09-03-2023,14-03-2023,Physical Therapy,City General
P0423,76,Other,Asthma,129/98,67,Yes,12-09-2024,14-09-2024,Observation,City General
P0424,66,Male,Heart Failure,152/76,80,Yes,05-12-2023,09-12-2023,Physical Therapy,Northside Hospital
P0425,26,Female,COPD,102/85,61,Yes,13-11-2024,25-11-2024,Surgery,City General
P0426,24,Male,Pneumonia,160/83,72,No,10-07-2023,11-07-2023,Surgery,City General
P0427,34,Female,Kidney Stones,154/85,63,No,16-12-2023,19-12-2023,Surgery,City General
P0428,78,Female,Hypertension,137/64,93,No,23-11-2023,25-11-2023,Medication,Southview Medical
P0429,73,Male,Asthma,103/66,69,Yes,18-06-2024,24-06-2024,Observation,Southview Medical
P0430,79,Female,Hypertension,130/98,72,No,10-07-2024,19-07-2024,Observation,Southview Medical
P0431,33,Male,COPD,151/73,61,No,11-06-2023,24-06-2023,Surgery,Southview Medical
P0432,42,Male,Diabetes,103/81,69,Yes,19-07-2024,31-07-2024,Observation,Riverside Clinic
P0433,60,Male,Hypertension,124/74,77,Yes,06-11-2023,13-11-2023,Surgery,Northside Hospital
P0434,60,Other,Arthritis,122/71,62,No,13-02-2024,23-02-2024,Observation,Northside Hospital
P0435,41,Male,COPD,143/78,65,Yes,10-08-2024,14-08-2024,Medication,Southview Medical
P0436,36,Female,Hypertension,112/78,78,No,04-03-2023,08-03-2023,Observation,Northside Hospital
P0437,28,Other,Appendicitis,110/76,63,Yes,10-03-2025,16-03-2025,Surgery,City General
P0438,27,Male,Pneumonia,112/95,77,No,04-01-2023,11-01-2023,Observation,Riverside Clinic
P0439,29,Female,Appendicitis,125/85,87,Yes,24-02-2024,04-03-2024,Observation,City General
P0440,90,Female,Asthma,108/82,94,No,16-07-2023,22-07-2023,Surgery,City General
P0441,64,Other,Hypertension,101/65,81,Yes,21-03-2023,23-03-2023,Surgery,Northside Hospital
P0442,71,Other,Pneumonia,147/71,97,No,06-07-2024,17-07-2024,Physical Therapy,Southview Medical
P0443,87,Female,Kidney Stones,160/89,68,Yes,12-01-2025,14-01-2025,Surgery,Southview Medical
P0444,69,Male,Kidney Stones,158/79,67,No,05-04-2024,17-04-2024,Medication,Northside Hospital
P0445,88,Male,Pneumonia,120/94,81,No,30-07-2023,10-08-2023,Observation,City General
P0446,65,Female,Stroke,120/68,80,No,25-04-2024,27-04-2024,Medication,Southview Medical
P0447,37,Female,Appendicitis,138/85,70,No,27-04-2024,30-04-2024,Observation,Southview Medical
P0448,57,Male,Arthritis,112/63,98,Yes,11-01-2023,12-01-2023,Observation,Southview Medical
P0449,65,Other,Pneumonia,104/76,95,No,04-08-2023,09-08-2023,Surgery,Northside Hospital
P0450,55,Female,Pneumonia,145/63,93,No,08-01-2025,09-01-2025,Medication,Northside Hospital
P0451,55,Male,Diabetes,119/82,92,Yes,18-10-2024,23-10-2024,Physical Therapy,Northside Hospital
P0452,69,Male,Pneumonia,131/63,79,No,05-08-2024,14-08-2024,Physical Therapy,Northside Hospital
P0453,38,Female,Asthma,111/82,64,Yes,07-01-2025,12-01-2025,Surgery,Southview Medical
P0454,68,Male,Diabetes,120/90,69,No,13-12-2024,24-12-2024,Physical Therapy,Southview Medical
P0455,79,Female,COPD,135/76,100,Yes,02-07-2024,05-07-2024,Surgery,Riverside Clinic
P0456,37,Male,Arthritis,138/96,66,Yes,15-02-2023,27-02-2023,Observation,Northside Hospital
P0457,25,Female,Hypertension,133/75,82,No,16-03-2024,19-03-2024,Observation,Southview Medical
P0458,44,Female,Appendicitis,100/68,61,Yes,06-11-2023,20-11-2023,Medication,City General
P0459,53,Female,COPD,107/86,91,Yes,27-03-2025,29-03-2025,Physical Therapy,Southview Medical
P0460,59,Other,Kidney Stones,138/86,89,Yes,19-12-2024,23-12-2024,Observation,Northside Hospital
P0461,35,Female,COPD,129/80,86,No,10-01-2024,21-01-2024,Physical Therapy,Northside Hospital
P0462,59,Female,Appendicitis,125/61,79,Yes,29-10-2023,01-11-2023,Physical Therapy,Northside Hospital
P0463,86,Male,Diabetes,139/75,83,No,09-04-2023,21-04-2023,Physical Therapy,Riverside Clinic
P0464,49,Other,Kidney Stones,101/62,68,Yes,05-04-2023,18-04-2023,Observation,Southview Medical
P0465,51,Female,COPD,100/88,73,No,07-02-2025,08-02-2025,Observation,Southview Medical
P0466,43,Male,COPD,126/68,90,Yes,16-09-2024,20-09-2024,Observation,City General
P0467,49,Female,Arthritis,144/76,94,Yes,18-05-2023,23-05-2023,Medication,Riverside Clinic
P0468,49,Male,COPD,152/78,70,Yes,03-01-2023,04-01-2023,Physical Therapy,Riverside Clinic
P0469,29,Male,Hypertension,103/75,95,Yes,25-03-2023,27-03-2023,Surgery,Southview Medical
P0470,58,Other,Heart Failure,131/100,67,Yes,02-01-2025,08-01-2025,Surgery,Northside Hospital
P0471,82,Other,Appendicitis,135/60,91,Yes,25-05-2023,07-06-2023,Surgery,Riverside Clinic
P0472,19,Male,Diabetes,151/61,79,Yes,23-09-2023,25-09-2023,Observation,Northside Hospital
P0473,77,Female,Heart Failure,132/97,63,No,27-04-2024,10-05-2024,Surgery,City General
P0474,69,Other,COPD,143/69,81,No,14-10-2024,26-10-2024,Surgery,Riverside Clinic
P0475,36,Female,Heart Failure,146/77,75,Yes,20-05-2024,03-06-2024,Physical Therapy,Southview Medical
P0476,43,Other,Appendicitis,152/62,66,No,26-08-2023,29-08-2023,Observation,Riverside Clinic
P0477,31,Female,Appendicitis,103/69,89,No,20-04-2024,29-04-2024,Physical Therapy,Southview Medical
P0478,66,Male,Pneumonia,117/71,63,No,31-12-2023,07-01-2024,Physical Therapy,Northside Hospital
P0479,68,Female,Stroke,109/96,68,Yes,15-01-2024,23-01-2024,Medication,City General
P0480,76,Other,Heart Failure,106/66,92,Yes,12-03-2024,26-03-2024,Physical Therapy,Riverside Clinic
P0481,71,Male,Kidney Stones,105/99,76,No,23-05-2023,29-05-2023,Observation,Northside Hospital
P0482,18,Female,Kidney Stones,146/62,80,Yes,27-05-2023,05-06-2023,Surgery,Southview Medical
P0483,35,Male,Diabetes,122/83,80,Yes,01-04-2024,09-04-2024,Surgery,Riverside Clinic
P0484,57,Other,Diabetes,108/77,84,Yes,10-01-2024,18-01-2024,Medication,Southview Medical
P0485,67,Other,Kidney Stones,153/85,79,Yes,21-10-2024,25-10-2024,Surgery,Southview Medical
P0486,24,Other,Stroke,136/87,100,No,24-05-2024,28-05-2024,Surgery,Riverside Clinic
P0487,67,Female,Stroke,155/61,61,No,07-03-2025,13-03-2025,Observation,Southview Medical
P0488,64,Other,Arthritis,128/66,97,Yes,23-01-2025,26-01-2025,Physical Therapy,Northside Hospital
P0489,41,Other,Appendicitis,118/78,66,Yes,13-08-2023,18-08-2023,Physical Therapy,City General
P0490,79,Other,Pneumonia,100/72,94,No,18-09-2024,29-09-2024,Observation,Northside Hospital
P0491,82,Female,Pneumonia,134/68,90,No,19-12-2023,31-12-2023,Surgery,City General
P0492,24,Female,Asthma,154/71,65,Yes,05-04-2024,13-04-2024,Observation,Northside Hospital
P0493,82,Other,Appendicitis,140/70,62,Yes,01-07-2024,06-07-2024,Surgery,City General
P0494,31,Male,COPD,157/83,84,Yes,29-12-2024,03-01-2025,Surgery,City General
P0495,76,Female,Pneumonia,140/77,62,Yes,03-01-2023,07-01-2023,Medication,Northside Hospital
P0496,33,Female,COPD,159/78,65,Yes,07-09-2023,12-09-2023,Physical Therapy,Riverside Clinic
P0497,55,Female,Appendicitis,110/65,69,Yes,03-01-2025,08-01-2025,Observation,Southview Medical
P0498,67,Male,Heart Failure,112/76,92,Yes,16-02-2023,18-02-2023,Medication,City General
P0499,60,Male,Asthma,148/72,88,No,18-08-2023,23-08-2023,Physical Therapy,Northside Hospital
