Hospital ID,Department,Number of Beds,Available Beds,ICU Occupancy,Ventilators Used,Staff On Duty
HOSP2892,Emergency,64,5,11,11,39
HOSP2865,Cardiology,52,2,13,4,34
HOSP2735,Oncology,23,6,3,3,11
HOSP1011,Emergency,17,14,5,5,7
HOSP2401,General Surgery,68,57,14,13,47
HOSP8112,Cardiology,68,29,17,17,47
HOSP1610,Neurology,70,63,17,14,27
HOSP4796,Cardiology,71,23,18,17,37
HOSP6883,General Surgery,30,0,6,2,5
HOSP6122,Orthopedics,62,44,12,0,39
HOSP7139,ICU,14,3,6,1,28
HOSP5310,Orthopedics,48,40,10,9,29
HOSP3984,General Surgery,39,13,2,0,28
HOSP5534,General Surgery,10,4,2,2,17
HOSP1240,Cardiology,67,48,10,2,35
HOSP9281,Oncology,18,6,15,1,22
HOSP3682,Oncology,91,59,19,5,47
HOSP9062,Oncology,94,65,2,1,13
HOSP1792,ICU,18,8,12,12,26
HOSP6045,Oncology,20,10,9,5,26
HOSP6467,Emergency,23,7,20,11,44
HOSP9284,Neurology,37,18,0,0,31
HOSP1554,Orthopedics,28,28,17,9,25
HOSP6042,ICU,93,34,11,5,26
HOSP9734,Cardiology,82,15,10,0,37
HOSP1276,Neurology,87,8,19,2,7
HOSP1716,Pediatrics,83,60,9,1,32
HOSP5831,Oncology,71,52,16,3,29
HOSP7378,Orthopedics,81,59,1,0,7
HOSP6770,General Surgery,42,12,4,3,45
HOSP1171,Pediatrics,77,76,17,8,40
HOSP4310,Pediatrics,56,30,17,17,26
HOSP6128,General Surgery,27,17,12,4,14
HOSP9396,Emergency,69,60,14,1,18
HOSP7618,General Surgery,70,19,1,1,37
HOSP2859,Oncology,65,0,11,5,42
HOSP1150,ICU,73,65,20,14,25
HOSP8099,Neurology,97,59,8,7,46
HOSP5118,Oncology,34,5,11,4,22
HOSP2031,Oncology,31,8,7,2,12
HOSP6076,Emergency,28,21,12,11,11
HOSP6240,Pediatrics,99,97,12,12,6
HOSP5094,Cardiology,95,15,20,11,10
HOSP4264,Cardiology,29,8,14,9,46
HOSP8131,ICU,55,47,19,13,27
HOSP5717,Neurology,77,18,5,2,50
HOSP7701,Orthopedics,82,19,13,10,10
HOSP6362,Cardiology,87,72,4,3,28
HOSP1109,General Surgery,39,23,19,5,7
HOSP2766,Orthopedics,17,14,3,2,17
HOSP7840,Emergency,70,57,13,6,11
HOSP4711,General Surgery,46,14,18,14,15
HOSP7439,Pediatrics,89,31,0,0,40
HOSP6397,Oncology,93,85,5,0,30
HOSP5859,Emergency,91,30,18,7,35
HOSP9231,Emergency,28,4,0,0,17
HOSP2682,Pediatrics,64,32,10,10,34
HOSP1767,ICU,58,35,14,4,26
HOSP9792,Cardiology,59,10,20,19,34
HOSP5941,Cardiology,24,19,18,16,34
HOSP7989,Oncology,58,19,1,1,18
HOSP9427,Oncology,35,1,7,4,32
HOSP1533,General Surgery,10,9,5,4,27
HOSP6873,Neurology,16,4,7,5,34
HOSP7634,Neurology,21,8,18,0,8
HOSP3921,Neurology,76,76,3,0,32
HOSP1097,Neurology,19,1,13,0,6
HOSP6623,Neurology,19,5,3,2,36
HOSP1637,Pediatrics,97,91,17,5,32
HOSP1920,Cardiology,36,25,0,0,41
HOSP1775,Oncology,54,9,6,2,45
HOSP9884,Oncology,49,34,12,8,42
HOSP7078,Cardiology,71,40,1,1,21
HOSP1606,Orthopedics,32,30,0,0,33
HOSP1644,Neurology,98,94,0,0,11
HOSP4685,Neurology,47,37,5,0,48
HOSP5337,Pediatrics,86,36,16,6,8
HOSP6760,Pediatrics,22,0,6,4,7
HOSP8402,Orthopedics,36,20,18,18,44
HOSP6541,Neurology,69,56,4,3,23
HOSP6936,Emergency,85,34,12,0,26
HOSP3355,ICU,38,12,18,6,32
HOSP3677,Emergency,30,30,13,2,38
HOSP1531,Cardiology,84,39,7,7,34
HOSP7825,General Surgery,48,36,19,10,20
HOSP2951,ICU,38,37,1,0,17
HOSP5385,General Surgery,79,9,17,6,40
HOSP1880,General Surgery,29,29,13,10,40
HOSP3092,Oncology,10,2,9,8,14
HOSP6093,Oncology,92,52,10,9,31
HOSP2517,Neurology,86,86,11,5,25
HOSP5840,General Surgery,17,1,11,5,10
HOSP8453,Neurology,100,50,2,2,5
HOSP6563,Emergency,80,46,16,3,36
HOSP1691,Oncology,28,1,11,4,5
HOSP6556,Oncology,43,0,14,5,17
HOSP8509,Neurology,50,46,14,11,8
HOSP3380,Emergency,96,96,15,9,20
HOSP3962,ICU,10,10,7,7,37
HOSP3871,Neurology,24,2,0,0,20
HOSP4894,Emergency,66,2,7,0,38
HOSP9214,Oncology,79,50,14,6,42
HOSP5189,Oncology,26,7,9,8,11
HOSP7700,Oncology,40,3,2,1,32
HOSP9580,Neurology,51,5,19,3,14
HOSP6831,Orthopedics,81,74,16,16,9
HOSP3322,Emergency,78,46,3,1,28
HOSP1840,ICU,62,38,17,4,12
HOSP5143,Emergency,49,1,19,2,46
HOSP3257,Pediatrics,75,66,2,1,29
HOSP7061,Orthopedics,66,40,2,1,45
HOSP4012,General Surgery,31,0,20,16,46
HOSP9080,Neurology,70,35,1,0,8
HOSP8138,Emergency,11,1,11,5,28
HOSP1935,Neurology,73,50,14,12,47
HOSP8876,Pediatrics,69,22,4,2,13
HOSP3739,Oncology,71,11,1,1,26
HOSP7747,Cardiology,18,13,11,9,49
HOSP5295,Pediatrics,63,13,12,2,40
HOSP9565,Orthopedics,82,5,3,3,32
HOSP4385,Pediatrics,14,1,3,2,31
HOSP5704,Oncology,47,20,13,4,40
HOSP7702,Pediatrics,28,0,0,0,26
HOSP4020,Oncology,71,37,0,0,48
HOSP1416,Emergency,92,41,0,0,19
HOSP6239,Oncology,40,16,7,7,5
HOSP1812,Pediatrics,79,18,7,3,35
HOSP3785,Neurology,55,47,3,3,25
HOSP9823,Cardiology,81,60,2,1,28
HOSP9582,Oncology,25,13,18,10,17
HOSP5641,Pediatrics,18,11,13,13,16
HOSP1909,Oncology,72,53,16,0,10
HOSP3593,ICU,10,4,9,4,10
HOSP7421,ICU,49,43,20,5,39
HOSP4125,Orthopedics,16,7,3,0,49
HOSP3508,Emergency,87,26,12,8,18
HOSP2502,Oncology,87,7,5,0,6
HOSP1614,ICU,34,22,9,7,39
HOSP8337,General Surgery,59,6,3,3,7
HOSP2943,General Surgery,81,71,3,0,25
HOSP5455,Pediatrics,34,0,3,2,27
HOSP2671,General Surgery,52,21,17,1,29
HOSP8116,Emergency,43,28,8,2,10
HOSP8448,Emergency,23,21,4,1,48
HOSP5963,General Surgery,78,47,2,2,29
HOSP6282,Emergency,16,10,2,1,28
HOSP4576,Orthopedics,38,24,3,0,27
HOSP2397,General Surgery,96,70,11,5,14
HOSP4030,ICU,40,5,0,0,12
HOSP3742,Pediatrics,51,12,1,1,26
HOSP5383,ICU,37,29,20,2,50
HOSP2520,Oncology,33,27,18,11,12
HOSP9798,Pediatrics,91,15,13,3,17
HOSP7066,Neurology,77,19,15,3,35
HOSP9015,Neurology,93,87,4,1,35
HOSP8895,Pediatrics,15,7,12,10,36
HOSP2397,ICU,95,37,5,0,42
HOSP6879,Pediatrics,79,61,17,8,35
HOSP5596,Neurology,42,17,5,4,39
HOSP1287,Pediatrics,81,56,9,8,26
HOSP5162,Oncology,22,7,10,7,13
HOSP8524,Pediatrics,29,15,16,2,9
HOSP9752,Orthopedics,77,4,13,3,16
HOSP6004,Oncology,28,28,13,1,17
HOSP8466,General Surgery,26,2,17,15,28
HOSP3797,Emergency,55,4,18,17,22
HOSP1510,Neurology,51,9,9,5,37
HOSP1843,General Surgery,52,52,2,1,13
HOSP8154,Orthopedics,100,9,11,3,16
HOSP1487,Pediatrics,16,12,6,2,36
HOSP6446,ICU,65,7,15,14,33
HOSP4395,Pediatrics,44,12,10,6,48
HOSP7089,General Surgery,31,6,20,15,50
HOSP2259,Orthopedics,21,3,12,2,14
HOSP6697,Cardiology,99,15,3,2,22
HOSP3059,Pediatrics,61,39,7,6,45
HOSP6456,Orthopedics,89,42,12,2,27
HOSP3754,Emergency,12,1,9,0,18
HOSP5718,General Surgery,70,41,13,12,43
HOSP3611,Orthopedics,22,5,15,15,50
HOSP7485,ICU,77,45,15,11,14
HOSP4192,General Surgery,83,56,17,7,42
HOSP6921,General Surgery,73,4,3,1,36
HOSP4936,Oncology,52,6,11,11,39
HOSP2951,ICU,40,39,13,9,46
HOSP4207,Oncology,53,51,14,6,32
HOSP2563,Emergency,62,23,11,9,22
HOSP1859,Emergency,15,15,5,5,36
HOSP8295,Pediatrics,75,69,5,5,28
HOSP1807,Neurology,53,50,19,5,31
HOSP8197,Neurology,41,40,20,18,6
HOSP8029,ICU,50,48,7,4,32
HOSP7523,Orthopedics,91,71,3,3,24
HOSP9785,General Surgery,77,3,10,6,38
HOSP9426,Cardiology,90,45,3,1,41
HOSP7270,Emergency,78,49,5,5,46
HOSP3483,Oncology,67,46,11,6,32
HOSP5827,ICU,75,50,11,4,16
HOSP3728,Pediatrics,83,72,20,6,26
HOSP3362,Oncology,20,7,16,0,18
HOSP1671,Pediatrics,35,32,4,1,20
HOSP4281,Emergency,65,24,18,1,17
HOSP9219,Emergency,82,55,6,5,50
HOSP2481,Neurology,34,30,6,2,42
HOSP2480,Oncology,98,13,15,5,33
HOSP9753,Oncology,13,10,13,4,37
HOSP2710,Neurology,22,5,16,9,8
HOSP6069,Orthopedics,63,48,7,7,23
HOSP1452,Oncology,48,44,8,4,31
HOSP8080,Orthopedics,64,4,16,8,42
HOSP3350,Emergency,29,24,19,7,43
HOSP7056,Cardiology,49,3,13,5,27
HOSP8359,General Surgery,16,9,7,0,21
HOSP3527,General Surgery,68,56,5,4,41
HOSP6368,Cardiology,61,23,4,3,9
HOSP7756,General Surgery,31,2,18,18,20
HOSP4423,ICU,28,21,6,6,26
HOSP3948,Pediatrics,59,49,13,6,11
HOSP9244,Emergency,48,18,12,12,36
HOSP6012,Cardiology,57,31,12,0,35
HOSP6677,General Surgery,100,40,7,3,25
HOSP5270,Orthopedics,30,5,10,3,37
HOSP4223,Cardiology,68,65,14,10,41
HOSP4213,Neurology,39,34,12,5,24
HOSP5671,Pediatrics,56,6,0,0,15
HOSP9619,Emergency,26,21,11,4,20
HOSP9545,Emergency,81,74,8,8,35
HOSP9484,Emergency,26,19,10,0,11
HOSP9803,General Surgery,24,0,1,1,26
HOSP4953,ICU,61,44,3,3,26
HOSP8130,Pediatrics,44,15,12,4,35
HOSP7177,Orthopedics,97,77,19,9,38
HOSP7192,Pediatrics,55,41,10,8,36
HOSP5227,Pediatrics,83,43,13,0,6
HOSP4042,Neurology,57,32,12,6,26
HOSP1469,Emergency,58,18,1,1,36
HOSP6913,Emergency,64,19,20,1,27
HOSP1969,Oncology,72,0,0,0,20
HOSP1777,Cardiology,33,30,14,9,25
HOSP8808,Pediatrics,10,9,1,1,45
HOSP6415,Emergency,63,62,5,3,36
HOSP7317,General Surgery,30,21,17,12,49
HOSP4200,Neurology,29,29,19,17,47
HOSP9708,Neurology,95,25,17,7,15
HOSP9646,General Surgery,69,45,19,7,47
HOSP2369,ICU,78,41,0,0,13
HOSP8893,Emergency,36,11,19,3,14
HOSP3004,ICU,16,14,16,4,22
HOSP5790,Orthopedics,52,40,12,1,36
HOSP1528,Pediatrics,99,50,4,3,12
HOSP6823,General Surgery,74,50,16,4,44
HOSP2550,General Surgery,43,40,0,0,42
HOSP7023,Cardiology,46,38,9,6,17
HOSP9973,ICU,32,5,16,15,28
HOSP1889,ICU,81,52,13,1,14
HOSP5412,Pediatrics,75,42,11,5,7
HOSP1134,Emergency,94,41,1,0,27
HOSP7182,ICU,58,16,6,3,19
HOSP6599,Cardiology,82,38,9,6,19
HOSP5436,General Surgery,70,20,7,6,39
HOSP5568,General Surgery,100,23,16,3,14
HOSP5799,Oncology,31,26,0,0,19
HOSP9501,Orthopedics,20,5,2,0,38
HOSP6477,Orthopedics,19,18,10,5,7
HOSP2693,Cardiology,34,19,16,14,32
HOSP4644,Emergency,10,10,1,0,41
HOSP9973,Neurology,85,6,15,15,21
HOSP3625,Orthopedics,22,16,1,1,35
HOSP1446,Oncology,31,7,6,2,29
HOSP9741,Pediatrics,22,0,18,10,29
HOSP2124,General Surgery,62,12,20,18,24
HOSP3115,General Surgery,44,37,1,1,8
HOSP3311,Neurology,43,3,18,4,32
HOSP7885,Neurology,31,26,2,0,14
HOSP9462,Pediatrics,62,42,17,0,15
HOSP5615,Cardiology,61,24,14,12,9
HOSP8498,Neurology,37,26,1,1,46
HOSP1289,Orthopedics,74,5,8,1,46
HOSP6360,General Surgery,42,25,12,1,8
HOSP1745,ICU,69,18,9,7,25
HOSP3094,Pediatrics,12,3,7,2,13
HOSP6320,Cardiology,53,35,12,12,22
HOSP7438,Cardiology,58,8,8,6,7
HOSP4857,Pediatrics,47,0,15,13,32
HOSP6138,Emergency,87,67,7,4,35
HOSP9427,Cardiology,82,3,2,1,29
HOSP8702,Oncology,59,49,10,9,40
HOSP3329,Pediatrics,50,21,15,4,22
HOSP3030,Orthopedics,28,17,17,0,34
HOSP4335,Neurology,47,32,18,3,21
HOSP9272,Neurology,12,11,10,7,50
HOSP3016,Neurology,100,87,16,11,11
HOSP4536,Orthopedics,16,11,13,10,44
HOSP4313,General Surgery,80,48,2,1,22
HOSP1100,Emergency,64,6,16,7,42
HOSP6552,Cardiology,50,48,8,8,45
HOSP3817,Emergency,19,5,2,2,8
HOSP2555,Neurology,45,8,5,2,50
HOSP8359,Cardiology,76,9,13,13,11
HOSP2805,Oncology,34,22,19,5,18
HOSP4733,General Surgery,43,30,15,11,29
HOSP4165,Neurology,87,64,10,5,38
HOSP6004,Orthopedics,56,6,2,2,36
HOSP3226,Neurology,93,70,16,14,22
HOSP1409,Oncology,90,76,2,2,10
HOSP4821,Neurology,88,14,0,0,15
HOSP2726,Orthopedics,25,13,6,1,12
HOSP8374,Oncology,70,60,19,14,30
HOSP1194,Orthopedics,83,71,13,5,41
HOSP1266,Cardiology,53,8,18,3,11
HOSP1500,Orthopedics,51,51,0,0,30
HOSP4522,Neurology,80,53,19,5,12
HOSP8403,Orthopedics,63,3,2,2,37
HOSP9103,ICU,79,44,20,8,45
HOSP2014,Orthopedics,34,33,9,0,47
HOSP7511,Neurology,78,66,4,0,10
HOSP6747,Neurology,70,63,11,11,31
HOSP6888,Emergency,74,42,18,13,39
HOSP8808,Orthopedics,51,18,18,17,39
HOSP7302,Cardiology,58,54,3,3,40
HOSP3752,General Surgery,65,48,18,6,50
HOSP3787,Pediatrics,86,9,14,0,5
HOSP5496,Cardiology,92,72,6,3,33
HOSP7907,ICU,73,11,6,4,30
HOSP7615,ICU,44,22,3,1,15
HOSP7715,General Surgery,85,16,14,4,37
HOSP2755,ICU,51,41,11,5,24
HOSP6102,General Surgery,46,38,9,5,44
HOSP8141,General Surgery,92,57,4,4,9
HOSP1992,Cardiology,65,51,19,19,37
HOSP6041,General Surgery,16,0,15,10,21
HOSP7288,Neurology,100,9,19,10,42
HOSP1896,Cardiology,30,22,19,5,49
HOSP1765,Cardiology,26,20,11,5,11
HOSP4134,Neurology,75,5,16,2,19
HOSP2453,Neurology,51,3,19,19,10
HOSP2338,ICU,86,42,20,20,18
HOSP9609,Orthopedics,42,15,11,9,9
HOSP4783,Emergency,59,57,13,10,7
HOSP8676,General Surgery,93,31,13,7,42
HOSP3205,Emergency,82,23,2,1,19
HOSP4225,Oncology,56,21,1,0,33
HOSP4299,Orthopedics,97,73,15,12,6
HOSP2190,Cardiology,11,9,4,4,33
HOSP7739,ICU,31,23,7,0,38
HOSP1140,General Surgery,77,37,2,2,16
HOSP4802,ICU,87,63,12,8,50
HOSP5367,Emergency,88,33,20,10,8
HOSP2929,Neurology,46,41,4,2,25
HOSP9312,Pediatrics,75,54,17,12,13
HOSP6656,Pediatrics,100,89,10,5,33
HOSP1733,Emergency,33,0,14,4,50
HOSP3932,Emergency,10,2,3,1,30
HOSP5745,Neurology,31,20,2,0,27
HOSP6811,Pediatrics,88,68,7,4,50
HOSP8382,Oncology,97,51,11,5,18
HOSP7133,Orthopedics,59,8,14,4,12
HOSP8611,Neurology,65,47,20,2,17
HOSP7070,Neurology,15,1,12,0,31
HOSP7088,General Surgery,52,51,12,10,50
HOSP8778,ICU,64,25,11,9,7
HOSP7649,Orthopedics,45,21,1,0,10
HOSP2079,Oncology,79,6,11,8,28
HOSP5762,General Surgery,41,17,13,6,27
HOSP5639,ICU,54,48,5,5,35
HOSP6016,Emergency,38,10,9,9,45
HOSP8023,Oncology,83,57,17,5,47
HOSP6580,Cardiology,75,2,0,0,14
HOSP2787,Oncology,25,1,0,0,41
HOSP5207,Oncology,72,14,8,8,9
HOSP2885,Cardiology,62,57,2,0,21
HOSP7252,General Surgery,35,4,16,11,41
HOSP1536,Pediatrics,46,46,14,5,48
HOSP1814,Pediatrics,61,59,11,6,49
HOSP1314,Emergency,27,25,13,13,26
HOSP1066,Pediatrics,42,5,5,1,29
HOSP1824,Cardiology,27,23,6,1,32
HOSP5982,Cardiology,33,11,1,1,44
HOSP1348,Emergency,68,1,8,8,14
HOSP9027,Oncology,23,23,17,0,22
HOSP5020,Neurology,86,71,16,3,46
HOSP1455,General Surgery,93,51,16,1,35
HOSP6366,General Surgery,53,46,0,0,35
HOSP5950,Orthopedics,88,0,7,5,31
HOSP9786,Pediatrics,87,82,11,7,19
HOSP1841,ICU,45,33,9,5,38
HOSP2906,General Surgery,71,64,0,0,5
HOSP8738,Emergency,33,0,9,3,21
HOSP5024,Cardiology,57,17,15,9,20
HOSP9255,Pediatrics,88,25,19,12,43
HOSP2194,Neurology,75,60,4,1,47
HOSP4229,Orthopedics,64,40,2,2,47
HOSP4289,Orthopedics,16,2,4,2,6
HOSP8807,ICU,19,8,19,3,43
HOSP7312,Oncology,85,41,12,0,36
HOSP7747,ICU,46,43,16,0,14
HOSP3901,Neurology,89,68,15,0,13
HOSP2547,Emergency,55,53,16,16,20
HOSP3173,Cardiology,17,11,14,14,49
HOSP1909,Pediatrics,90,89,15,11,43
HOSP3214,Oncology,69,30,11,0,40
HOSP9177,Orthopedics,64,39,4,3,23
HOSP7764,Cardiology,10,10,9,6,43
HOSP6514,Orthopedics,33,24,19,10,50
HOSP3898,Emergency,78,46,12,10,23
HOSP7779,Orthopedics,76,15,4,1,40
HOSP7224,Pediatrics,46,8,20,5,40
HOSP3457,Emergency,37,10,2,2,21
HOSP7063,Oncology,47,46,6,0,34
HOSP6627,Oncology,99,45,19,10,15
HOSP7920,Orthopedics,61,26,10,9,18
HOSP4093,Oncology,35,12,4,1,30
HOSP3845,Neurology,12,8,0,0,13
HOSP5222,Orthopedics,70,68,5,0,31
HOSP1445,Emergency,55,55,20,4,30
HOSP1226,General Surgery,81,35,8,8,26
HOSP2376,Neurology,11,6,8,4,9
HOSP7397,Neurology,80,78,8,0,46
HOSP9167,Pediatrics,99,97,10,7,46
HOSP7457,Neurology,43,43,16,12,49
HOSP3627,Oncology,74,37,16,13,25
HOSP5329,Orthopedics,60,36,14,13,50
HOSP8605,General Surgery,89,38,13,9,6
HOSP4497,Orthopedics,58,45,16,12,16
HOSP1954,Neurology,63,47,7,6,7
HOSP4550,Pediatrics,64,25,13,6,32
HOSP8000,Pediatrics,24,18,14,9,12
HOSP5573,Oncology,90,48,15,9,16
HOSP1167,Oncology,92,83,17,3,23
HOSP6403,Oncology,37,27,12,4,48
HOSP9349,Emergency,79,54,0,0,9
HOSP5257,Oncology,62,0,13,8,10
HOSP7969,General Surgery,89,71,9,7,19
HOSP1383,Neurology,56,27,10,5,28
HOSP4162,ICU,59,54,19,15,47
HOSP4480,ICU,42,7,6,0,44
HOSP1727,ICU,57,25,12,6,7
HOSP1801,Orthopedics,20,2,5,4,18
HOSP4308,Oncology,68,41,1,0,26
HOSP2405,Emergency,94,90,15,9,14
HOSP7846,ICU,83,3,1,0,25
HOSP2747,Pediatrics,73,48,9,8,40
HOSP9445,Pediatrics,53,23,12,2,7
HOSP4288,Cardiology,18,16,16,11,27
HOSP1170,Orthopedics,90,6,18,11,34
HOSP3837,Neurology,63,9,13,6,6
HOSP2247,Neurology,58,16,10,5,13
HOSP6215,Cardiology,14,0,8,4,44
HOSP5435,Emergency,68,47,13,12,42
HOSP3440,Pediatrics,65,60,9,2,25
HOSP6606,General Surgery,28,25,10,0,20
HOSP9861,Pediatrics,32,24,8,7,45
HOSP9486,General Surgery,14,9,5,3,21
HOSP3390,Pediatrics,57,23,6,2,5
HOSP6039,ICU,82,18,4,0,44
HOSP3010,Oncology,84,75,7,0,6
HOSP3927,Emergency,40,32,5,1,22
HOSP2741,Cardiology,37,19,3,3,34
HOSP8066,Orthopedics,68,29,14,12,14
HOSP8953,General Surgery,95,51,16,10,31
HOSP5315,Emergency,70,23,12,4,47
HOSP9302,Emergency,78,18,19,0,36
HOSP2319,Oncology,88,30,2,2,34
HOSP5548,Neurology,85,63,9,2,50
HOSP1637,Orthopedics,95,22,20,16,27
HOSP2561,Orthopedics,18,12,3,3,6
HOSP9413,ICU,65,15,3,3,32
HOSP3290,Cardiology,68,23,13,12,20
HOSP7896,Cardiology,65,25,3,0,43
HOSP8275,ICU,52,47,7,3,23
HOSP7927,Emergency,61,0,10,0,28
HOSP1434,Oncology,80,37,14,1,25
HOSP4293,Orthopedics,60,13,4,3,37
HOSP6390,Oncology,29,1,10,5,24
HOSP1735,Emergency,53,47,11,8,31
HOSP4000,Emergency,58,33,19,8,12
HOSP1905,Orthopedics,51,45,11,7,9
HOSP3011,Cardiology,73,13,9,8,45
HOSP1290,General Surgery,94,28,19,18,28
HOSP9053,Oncology,70,8,15,0,29
HOSP7895,Orthopedics,92,68,19,10,47
HOSP5974,Pediatrics,16,2,16,4,19
HOSP8530,Cardiology,74,65,14,10,24
HOSP4082,Neurology,36,23,7,5,6
HOSP2554,Emergency,44,29,9,7,10
HOSP7936,ICU,81,72,15,15,41
HOSP1117,Pediatrics,22,14,11,6,32
HOSP6608,Neurology,20,13,15,10,37
HOSP2958,Pediatrics,79,28,12,1,41
HOSP7696,Emergency,11,10,5,0,21
HOSP7952,ICU,83,36,8,4,42
HOSP2026,Neurology,48,45,20,9,28
HOSP5283,Oncology,63,39,17,6,13
HOSP1371,General Surgery,81,11,9,4,32
HOSP6588,ICU,15,15,4,2,21
HOSP1367,Neurology,38,0,2,2,49
HOSP9341,ICU,81,40,20,8,8
HOSP9752,Neurology,44,25,18,3,8
HOSP9891,Oncology,70,1,12,6,50
