Claim ID,Patient ID,Procedure Code,Amount Claimed,Approved Amount,Claim Status,Insurance Provider,Date of Claim
CLM001,P0001,PRC001,2082.27,2051.95,Approved,WellLife,05-07-2024
CLM002,P0002,PRC001,1028.34,0,Denied,SafeHealth,03-02-2024
CLM003,P0003,PRC003,1321.58,1127.13,Approved,WellLife,07-03-2025
CLM004,P0004,PRC004,2746.11,0,Denied,WellLife,14-09-2024
CLM005,P0005,PRC004,1920.61,1017.42,Pending,MediCare Plus,07-03-2025
CLM006,P0006,PRC002,1314.04,1132.69,Approved,HealthFirst,31-07-2024
CLM007,P0007,PRC003,2273.05,0,Denied,SafeHealth,18-02-2024
CLM008,P0008,PRC003,2011.46,1590.33,Pending,HealthFirst,23-01-2025
CLM009,P0009,PRC006,885.34,585.82,Pending,WellLife,28-08-2024
CLM010,P0010,PRC002,2842.78,2054.96,Pending,WellLife,07-10-2024
CLM011,P0011,PRC004,946.12,0,Denied,MediCare Plus,16-11-2024
CLM012,P0012,PRC001,1546.11,0,Denied,WellLife,12-02-2025
CLM013,P0013,PRC001,2923.4,2205.3,Pending,MediCare Plus,07-03-2025
CLM014,P0014,PRC002,2940.35,0,Denied,MediCare Plus,27-07-2024
CLM015,P0015,PRC002,2492.05,0,Denied,WellLife,18-11-2024
CLM016,P0016,PRC001,2666.91,2382.57,Approved,SafeHealth,25-03-2024
CLM017,P0017,PRC005,2892.69,2534.81,Approved,WellLife,04-08-2024
CLM018,P0018,PRC005,1797.32,0,Denied,WellLife,26-02-2025
CLM019,P0019,PRC002,2496.56,2324.5,Approved,HealthFirst,03-05-2024
CLM020,P0020,PRC004,2641.8,0,Denied,SafeHealth,03-04-2024
CLM021,P0021,PRC003,2023.17,1980.2,Approved,MediCare Plus,19-02-2024
CLM022,P0022,PRC005,2459.68,0,Denied,WellLife,16-09-2024
CLM023,P0023,PRC005,2497.24,1444.97,Pending,MediCare Plus,04-08-2024
CLM024,P0024,PRC003,2927.04,1509.89,Pending,MediCare Plus,23-07-2024
CLM025,P0025,PRC006,2881.67,2677.91,Approved,HealthFirst,19-01-2024
CLM026,P0026,PRC002,1841.81,1176.61,Pending,MediCare Plus,24-01-2025
CLM027,P0027,PRC003,1700.86,1500.5,Pending,HealthFirst,12-02-2024
CLM028,P0028,PRC006,2364.23,1556.18,Pending,WellLife,27-04-2024
CLM029,P0029,PRC005,2179.9,0,Denied,WellLife,06-03-2024
CLM030,P0030,PRC003,1737.56,972.2,Pending,HealthFirst,04-04-2024
CLM031,P0031,PRC004,1259.52,1259.31,Approved,MediCare Plus,17-06-2024
CLM032,P0032,PRC001,1965.32,0,Denied,SafeHealth,21-02-2024
CLM033,P0033,PRC001,924.12,0,Denied,WellLife,12-09-2024
CLM034,P0034,PRC003,1456.78,0,Denied,HealthFirst,05-07-2024
CLM035,P0035,PRC001,2259.21,2090.96,Approved,SafeHealth,14-03-2025
CLM036,P0036,PRC003,1810.4,0,Denied,HealthFirst,11-05-2024
CLM037,P0037,PRC004,1370.83,1343.52,Approved,MediCare Plus,28-02-2025
CLM038,P0038,PRC002,993.71,958.12,Approved,HealthFirst,11-02-2024
CLM039,P0039,PRC003,1478.14,1309.9,Approved,MediCare Plus,09-10-2024
CLM040,P0040,PRC005,1078.33,0,Denied,MediCare Plus,04-04-2025
CLM041,P0041,PRC004,2271.68,1238.68,Pending,SafeHealth,13-02-2024
CLM042,P0042,PRC006,2161.55,1746.04,Approved,WellLife,03-01-2025
CLM043,P0043,PRC003,1179.92,0,Denied,WellLife,13-10-2024
CLM044,P0044,PRC003,1411.92,1027.18,Pending,HealthFirst,29-01-2024
CLM045,P0045,PRC004,2330.33,0,Denied,MediCare Plus,26-06-2024
CLM046,P0046,PRC005,2283.53,2017.31,Pending,SafeHealth,03-04-2025
CLM047,P0047,PRC002,1991.75,0,Denied,HealthFirst,27-12-2024
CLM048,P0048,PRC006,2423.21,2126.96,Approved,HealthFirst,04-06-2024
CLM049,P0049,PRC006,1302.14,0,Denied,HealthFirst,14-02-2025
CLM050,P0050,PRC006,1995.95,0,Denied,WellLife,27-01-2025
CLM051,P0051,PRC001,1547.34,0,Denied,WellLife,05-03-2025
CLM052,P0052,PRC002,2893.9,0,Denied,HealthFirst,07-10-2024
CLM053,P0053,PRC004,1289.19,981.58,Pending,WellLife,17-04-2024
CLM054,P0054,PRC006,934.16,811.15,Approved,MediCare Plus,21-09-2024
CLM055,P0055,PRC006,1550.45,1456.95,Approved,MediCare Plus,05-02-2024
CLM056,P0056,PRC004,1477.36,0,Denied,WellLife,12-01-2025
CLM057,P0057,PRC002,1840.93,1667.29,Approved,SafeHealth,24-10-2024
CLM058,P0058,PRC002,1145.53,963.15,Approved,MediCare Plus,22-05-2024
CLM059,P0059,PRC004,2269.59,2043.78,Approved,SafeHealth,02-05-2024
CLM060,P0060,PRC004,1315.05,1089.61,Approved,HealthFirst,25-11-2024
CLM061,P0061,PRC004,2110.73,0,Denied,HealthFirst,07-02-2025
CLM062,P0062,PRC005,2695.12,0,Denied,SafeHealth,23-02-2024
CLM063,P0063,PRC005,1921.63,1580.13,Pending,HealthFirst,30-03-2024
CLM064,P0064,PRC006,1036.35,836.81,Approved,SafeHealth,31-01-2024
CLM065,P0065,PRC005,2566.25,1598.41,Pending,MediCare Plus,11-09-2024
CLM066,P0066,PRC001,1472.97,1318.81,Pending,SafeHealth,07-12-2024
CLM067,P0067,PRC005,2686.09,2283.57,Pending,MediCare Plus,24-08-2024
CLM068,P0068,PRC003,2747.66,2607.04,Approved,MediCare Plus,27-12-2024
CLM069,P0069,PRC002,2559.89,2299.65,Approved,WellLife,15-06-2024
CLM070,P0070,PRC001,2314.22,0,Denied,MediCare Plus,06-11-2024
CLM071,P0071,PRC004,1058.59,0,Denied,SafeHealth,07-04-2025
CLM072,P0072,PRC006,2328.93,1321.86,Pending,HealthFirst,27-03-2025
CLM073,P0073,PRC001,870.48,0,Denied,MediCare Plus,25-08-2024
CLM074,P0074,PRC003,898.06,740.33,Approved,MediCare Plus,11-03-2024
CLM075,P0075,PRC004,2329.24,2089.8,Approved,MediCare Plus,30-07-2024
CLM076,P0076,PRC003,1332.44,0,Denied,MediCare Plus,29-10-2024
CLM077,P0077,PRC003,1269,0,Denied,MediCare Plus,19-03-2024
CLM078,P0078,PRC006,2275.11,0,Denied,WellLife,12-01-2025
CLM079,P0079,PRC002,2956.18,2252.52,Pending,HealthFirst,17-07-2024
CLM080,P0080,PRC004,1472.39,1268.43,Approved,SafeHealth,21-01-2025
CLM081,P0081,PRC001,2887.63,2779.47,Approved,WellLife,31-05-2024
CLM082,P0082,PRC006,2571.26,0,Denied,WellLife,21-05-2024
CLM083,P0083,PRC004,1983.29,1791.74,Approved,MediCare Plus,09-10-2024
CLM084,P0084,PRC004,1967.92,0,Denied,SafeHealth,10-09-2024
CLM085,P0085,PRC003,2925.4,0,Denied,MediCare Plus,07-01-2024
CLM086,P0086,PRC003,1190.32,0,Denied,WellLife,29-08-2024
CLM087,P0087,PRC001,1407.21,914.85,Pending,HealthFirst,16-03-2024
CLM088,P0088,PRC004,2491.88,0,Denied,WellLife,15-09-2024
CLM089,P0089,PRC003,2543.31,2460.65,Approved,WellLife,31-01-2024
CLM090,P0090,PRC003,2472.31,0,Denied,WellLife,30-03-2025
CLM091,P0091,PRC006,2246.44,2021.84,Approved,HealthFirst,05-05-2024
CLM092,P0092,PRC003,1900.43,0,Denied,HealthFirst,11-01-2024
CLM093,P0093,PRC002,2119.79,0,Denied,HealthFirst,01-01-2025
CLM094,P0094,PRC001,2343.64,1943.01,Approved,HealthFirst,09-07-2024
CLM095,P0095,PRC003,1193.9,0,Denied,MediCare Plus,23-01-2025
CLM096,P0096,PRC001,901.04,752.31,Approved,HealthFirst,25-02-2025
CLM097,P0097,PRC004,1973.51,0,Denied,WellLife,04-04-2024
CLM098,P0098,PRC001,859.34,535.43,Pending,WellLife,25-05-2024
CLM099,P0099,PRC002,1890.85,0,Denied,HealthFirst,15-01-2025
CLM100,P0100,PRC002,1849.61,0,Denied,HealthFirst,02-04-2024
CLM101,P0101,PRC002,1660.08,0,Denied,MediCare Plus,24-07-2024
CLM102,P0102,PRC006,2236.53,2113.68,Approved,SafeHealth,06-04-2024
CLM103,P0103,PRC004,2545.12,1935.85,Pending,WellLife,05-07-2024
CLM104,P0104,PRC004,2746.19,1904.64,Pending,HealthFirst,25-02-2025
CLM105,P0105,PRC005,1979.81,1952.85,Approved,HealthFirst,11-10-2024
CLM106,P0106,PRC001,898.5,891.5,Approved,HealthFirst,24-09-2024
CLM107,P0107,PRC006,2100.84,2074.21,Approved,MediCare Plus,03-11-2024
CLM108,P0108,PRC005,2417.52,2001.5,Pending,MediCare Plus,17-03-2024
CLM109,P0109,PRC005,2766.64,2292.09,Pending,WellLife,11-12-2024
CLM110,P0110,PRC002,1537.37,1027.3,Pending,WellLife,12-01-2025
CLM111,P0111,PRC006,993.22,854.91,Approved,MediCare Plus,24-03-2024
CLM112,P0112,PRC006,1839.62,1839.14,Approved,HealthFirst,12-03-2024
CLM113,P0113,PRC002,2162.27,1788.44,Pending,HealthFirst,21-11-2024
CLM114,P0114,PRC004,2455.57,2043.58,Pending,MediCare Plus,24-06-2024
CLM115,P0115,PRC006,1110.86,0,Denied,HealthFirst,18-04-2024
CLM116,P0116,PRC005,2774.13,0,Denied,MediCare Plus,20-07-2024
CLM117,P0117,PRC004,1065.45,0,Denied,SafeHealth,20-02-2025
CLM118,P0118,PRC006,2669.5,2387.28,Approved,MediCare Plus,03-11-2024
CLM119,P0119,PRC004,1366.43,0,Denied,MediCare Plus,18-01-2025
CLM120,P0120,PRC004,2203.04,0,Denied,WellLife,26-02-2024
CLM121,P0121,PRC002,2406.61,1215.16,Pending,MediCare Plus,29-02-2024
CLM122,P0122,PRC006,2385.81,2230.36,Approved,MediCare Plus,02-03-2025
CLM123,P0123,PRC006,1701.14,0,Denied,WellLife,16-04-2024
CLM124,P0124,PRC003,854.82,466.16,Pending,WellLife,15-02-2024
CLM125,P0125,PRC002,1421.78,0,Denied,WellLife,03-01-2025
CLM126,P0126,PRC005,2523.66,2318.49,Approved,WellLife,20-03-2025
CLM127,P0127,PRC005,1147.32,940.51,Pending,HealthFirst,12-03-2024
CLM128,P0128,PRC001,1358.27,1115.41,Approved,MediCare Plus,23-09-2024
CLM129,P0129,PRC005,2092.66,0,Denied,SafeHealth,25-09-2024
CLM130,P0130,PRC003,1879.64,0,Denied,WellLife,18-06-2024
CLM131,P0131,PRC002,2198.19,1501.85,Pending,MediCare Plus,25-12-2024
CLM132,P0132,PRC001,897.12,506.11,Pending,MediCare Plus,28-07-2024
CLM133,P0133,PRC001,1362.61,1284.6,Approved,MediCare Plus,19-10-2024
CLM134,P0134,PRC002,2111.73,1141.18,Pending,SafeHealth,19-01-2025
CLM135,P0135,PRC002,1093.66,0,Denied,WellLife,21-07-2024
CLM136,P0136,PRC002,1769.51,1713.7,Approved,WellLife,05-01-2024
CLM137,P0137,PRC005,1641.68,1419.86,Approved,SafeHealth,24-03-2025
CLM138,P0138,PRC001,1133.15,1123.39,Approved,WellLife,31-05-2024
CLM139,P0139,PRC002,1373.93,707.49,Pending,MediCare Plus,02-06-2024
CLM140,P0140,PRC005,2427.71,0,Denied,SafeHealth,19-04-2024
CLM141,P0141,PRC004,1216.64,0,Denied,MediCare Plus,01-04-2025
CLM142,P0142,PRC002,2222.04,0,Denied,WellLife,29-06-2024
CLM143,P0143,PRC004,1652.84,1424.91,Approved,SafeHealth,03-12-2024
CLM144,P0144,PRC004,2750.99,2334.34,Approved,HealthFirst,08-05-2024
CLM145,P0145,PRC004,1077.11,758.62,Pending,SafeHealth,19-05-2024
CLM146,P0146,PRC002,1699.66,855.75,Pending,HealthFirst,04-11-2024
CLM147,P0147,PRC001,2174.02,0,Denied,HealthFirst,26-01-2025
CLM148,P0148,PRC001,2582.23,2076.41,Pending,HealthFirst,06-05-2024
CLM149,P0149,PRC005,2069.09,1378.55,Pending,WellLife,04-05-2024
CLM150,P0150,PRC002,2559.03,2049.61,Approved,HealthFirst,02-11-2024
CLM151,P0151,PRC005,2591.2,2585.44,Approved,WellLife,04-10-2024
CLM152,P0152,PRC002,2559.75,1944.37,Pending,MediCare Plus,10-08-2024
CLM153,P0153,PRC003,1024.8,735.31,Pending,SafeHealth,18-11-2024
CLM154,P0154,PRC004,2942.42,2471.58,Pending,MediCare Plus,11-09-2024
CLM155,P0155,PRC004,1240.91,1094.11,Approved,HealthFirst,26-09-2024
CLM156,P0156,PRC003,2319.88,2181.46,Approved,WellLife,25-03-2024
CLM157,P0157,PRC002,974.49,903.04,Approved,WellLife,21-07-2024
CLM158,P0158,PRC002,995.45,960.68,Approved,WellLife,27-06-2024
CLM159,P0159,PRC003,1568.28,0,Denied,HealthFirst,07-05-2024
CLM160,P0160,PRC001,1667.51,0,Denied,MediCare Plus,02-07-2024
CLM161,P0161,PRC002,2022.03,1902.21,Approved,WellLife,12-12-2024
CLM162,P0162,PRC003,2005.13,1819.42,Approved,HealthFirst,20-02-2025
CLM163,P0163,PRC003,997.4,0,Denied,WellLife,11-09-2024
CLM164,P0164,PRC002,1979.18,0,Denied,WellLife,30-08-2024
CLM165,P0165,PRC005,2140.55,0,Denied,HealthFirst,19-08-2024
CLM166,P0166,PRC006,1478.71,1055.46,Pending,HealthFirst,17-02-2025
CLM167,P0167,PRC003,928.08,733.94,Pending,WellLife,19-06-2024
CLM168,P0168,PRC006,802.22,0,Denied,MediCare Plus,08-03-2024
CLM169,P0169,PRC001,2732.77,0,Denied,HealthFirst,06-05-2024
CLM170,P0170,PRC001,908.13,0,Denied,WellLife,21-12-2024
CLM171,P0171,PRC005,2381.62,0,Denied,WellLife,06-06-2024
CLM172,P0172,PRC006,2370,1192.37,Pending,HealthFirst,15-08-2024
CLM173,P0173,PRC002,1122.82,872.46,Pending,SafeHealth,14-02-2024
CLM174,P0174,PRC001,1012.36,889.15,Approved,SafeHealth,27-12-2024
CLM175,P0175,PRC001,2078.61,1931.38,Approved,SafeHealth,27-06-2024
CLM176,P0176,PRC003,2543.62,0,Denied,SafeHealth,05-11-2024
CLM177,P0177,PRC005,1124.48,852.08,Pending,SafeHealth,06-09-2024
CLM178,P0178,PRC003,2810.82,2716.57,Approved,MediCare Plus,18-03-2025
CLM179,P0179,PRC005,2927.31,2033.77,Pending,MediCare Plus,29-04-2024
CLM180,P0180,PRC002,1770.86,1740.05,Approved,HealthFirst,29-01-2025
CLM181,P0181,PRC005,809.48,724.56,Approved,SafeHealth,22-06-2024
CLM182,P0182,PRC004,1137.21,671.74,Pending,WellLife,17-01-2025
CLM183,P0183,PRC003,1090.42,905.61,Pending,WellLife,18-01-2025
CLM184,P0184,PRC003,981.64,947.27,Approved,WellLife,21-11-2024
CLM185,P0185,PRC006,1471.05,1192.53,Approved,HealthFirst,22-01-2025
CLM186,P0186,PRC005,1506.06,883.41,Pending,MediCare Plus,13-02-2024
CLM187,P0187,PRC003,2032.19,0,Denied,WellLife,05-09-2024
CLM188,P0188,PRC006,2904.94,2382.82,Approved,WellLife,16-02-2025
CLM189,P0189,PRC001,1607.13,0,Denied,MediCare Plus,23-08-2024
CLM190,P0190,PRC001,2098.19,1359.65,Pending,HealthFirst,15-02-2024
CLM191,P0191,PRC004,1876.33,0,Denied,MediCare Plus,16-01-2025
CLM192,P0192,PRC004,1074.44,614.51,Pending,MediCare Plus,15-03-2025
CLM193,P0193,PRC003,1344.31,1146.62,Approved,WellLife,28-08-2024
CLM194,P0194,PRC004,2374.11,1304.77,Pending,MediCare Plus,06-02-2025
CLM195,P0195,PRC002,2635.27,1415.07,Pending,MediCare Plus,17-09-2024
CLM196,P0196,PRC004,2483.88,2446.74,Approved,HealthFirst,21-01-2024
CLM197,P0197,PRC002,2023.83,1994.79,Approved,SafeHealth,12-02-2024
CLM198,P0198,PRC006,2883.95,1594.87,Pending,MediCare Plus,16-09-2024
CLM199,P0199,PRC002,2172.9,0,Denied,SafeHealth,24-04-2024
CLM200,P0200,PRC004,2315.13,1237.59,Pending,SafeHealth,08-05-2024
CLM201,P0201,PRC006,1001.95,906.34,Approved,MediCare Plus,19-02-2024
CLM202,P0202,PRC005,1138.96,1117.05,Approved,WellLife,30-01-2024
CLM203,P0203,PRC002,848.12,0,Denied,HealthFirst,02-03-2024
CLM204,P0204,PRC001,2856.54,2101.13,Pending,SafeHealth,29-03-2024
CLM205,P0205,PRC004,2458.29,1922.45,Pending,SafeHealth,07-04-2025
CLM206,P0206,PRC001,1151.58,994.68,Approved,SafeHealth,26-02-2024
CLM207,P0207,PRC004,2477.91,0,Denied,SafeHealth,20-03-2025
CLM208,P0208,PRC003,2176.73,1997.63,Approved,HealthFirst,12-11-2024
CLM209,P0209,PRC002,1990.42,1052.36,Pending,HealthFirst,30-01-2025
CLM210,P0210,PRC006,1517.69,0,Denied,HealthFirst,29-01-2024
CLM211,P0211,PRC005,807.85,433.12,Pending,MediCare Plus,10-03-2024
CLM212,P0212,PRC003,1605.05,0,Denied,MediCare Plus,14-05-2024
CLM213,P0213,PRC006,880.79,768.79,Pending,WellLife,26-08-2024
CLM214,P0214,PRC005,1890.56,1145.11,Pending,MediCare Plus,14-05-2024
CLM215,P0215,PRC006,934.17,0,Denied,HealthFirst,16-09-2024
CLM216,P0216,PRC002,2190.33,1250.21,Pending,SafeHealth,30-03-2024
CLM217,P0217,PRC002,1630.53,1216.08,Pending,SafeHealth,24-11-2024
CLM218,P0218,PRC002,2046.75,1477.02,Pending,SafeHealth,26-10-2024
CLM219,P0219,PRC004,2623.2,1913.99,Pending,HealthFirst,06-03-2024
CLM220,P0220,PRC006,2220.35,1441.95,Pending,HealthFirst,04-10-2024
CLM221,P0221,PRC006,2096.74,1792.28,Pending,MediCare Plus,09-01-2024
CLM222,P0222,PRC002,812.47,0,Denied,WellLife,14-03-2025
CLM223,P0223,PRC002,1162.9,988.73,Pending,HealthFirst,03-07-2024
CLM224,P0224,PRC003,2740.67,2657.5,Approved,HealthFirst,19-05-2024
CLM225,P0225,PRC004,1783.92,0,Denied,HealthFirst,27-11-2024
CLM226,P0226,PRC001,2219.13,1499.2,Pending,HealthFirst,20-05-2024
CLM227,P0227,PRC006,1253.21,0,Denied,MediCare Plus,07-10-2024
CLM228,P0228,PRC004,840.53,0,Denied,WellLife,23-09-2024
CLM229,P0229,PRC001,1894.44,0,Denied,MediCare Plus,29-05-2024
CLM230,P0230,PRC004,2711.91,0,Denied,SafeHealth,16-02-2025
CLM231,P0231,PRC006,2376.05,2155.24,Approved,SafeHealth,20-01-2024
CLM232,P0232,PRC005,1680.67,1534.94,Approved,SafeHealth,11-05-2024
CLM233,P0233,PRC003,2555.4,0,Denied,HealthFirst,14-10-2024
CLM234,P0234,PRC002,1421.57,1176.03,Approved,WellLife,26-03-2025
CLM235,P0235,PRC004,2835.69,2283.68,Pending,SafeHealth,05-03-2024
CLM236,P0236,PRC006,1712.64,1373.97,Pending,WellLife,24-06-2024
CLM237,P0237,PRC004,1167.09,725.85,Pending,MediCare Plus,30-04-2024
CLM238,P0238,PRC006,1357.24,1141.52,Approved,SafeHealth,28-02-2024
CLM239,P0239,PRC005,1507.14,1102.97,Pending,SafeHealth,17-02-2025
CLM240,P0240,PRC006,1694.11,1481.05,Approved,SafeHealth,18-12-2024
CLM241,P0241,PRC001,2709.81,2208.36,Approved,WellLife,13-02-2024
CLM242,P0242,PRC004,2980.29,0,Denied,MediCare Plus,03-07-2024
CLM243,P0243,PRC006,1075.52,924.94,Approved,SafeHealth,24-06-2024
CLM244,P0244,PRC003,1771.87,911.1,Pending,WellLife,26-01-2025
CLM245,P0245,PRC003,1845.53,1544.79,Approved,MediCare Plus,24-05-2024
CLM246,P0246,PRC001,1634.12,0,Denied,SafeHealth,09-03-2024
CLM247,P0247,PRC005,1061.93,0,Denied,SafeHealth,17-03-2024
CLM248,P0248,PRC002,2672.1,0,Denied,HealthFirst,22-11-2024
CLM249,P0249,PRC002,2678.16,1699.91,Pending,SafeHealth,26-01-2025
CLM250,P0250,PRC003,898.96,564.33,Pending,SafeHealth,02-10-2024
CLM251,P0251,PRC001,2024.64,1792.02,Approved,HealthFirst,10-12-2024
CLM252,P0252,PRC005,2442.02,1936.65,Pending,HealthFirst,20-08-2024
CLM253,P0253,PRC004,2980.45,1499.02,Pending,HealthFirst,19-06-2024
CLM254,P0254,PRC005,2274.34,0,Denied,MediCare Plus,04-11-2024
CLM255,P0255,PRC003,1577.02,1413.23,Approved,SafeHealth,27-12-2024
CLM256,P0256,PRC004,1123.36,937.04,Approved,MediCare Plus,20-10-2024
CLM257,P0257,PRC001,1555.01,1360.81,Approved,MediCare Plus,03-07-2024
CLM258,P0258,PRC005,1247.01,871.7,Pending,WellLife,29-07-2024
CLM259,P0259,PRC003,2085.7,0,Denied,MediCare Plus,15-09-2024
CLM260,P0260,PRC003,2026.2,1954.17,Approved,MediCare Plus,11-08-2024
CLM261,P0261,PRC005,2013.11,1725.52,Approved,HealthFirst,14-03-2025
CLM262,P0262,PRC001,1454.17,0,Denied,HealthFirst,01-03-2024
CLM263,P0263,PRC001,1336.59,1119.05,Approved,WellLife,18-11-2024
CLM264,P0264,PRC002,2133.11,1273.58,Pending,SafeHealth,15-03-2024
CLM265,P0265,PRC006,929.28,611.53,Pending,WellLife,19-02-2025
CLM266,P0266,PRC003,2299.08,0,Denied,WellLife,10-07-2024
CLM267,P0267,PRC001,1734.05,0,Denied,MediCare Plus,19-08-2024
CLM268,P0268,PRC004,1221.72,0,Denied,HealthFirst,28-06-2024
CLM269,P0269,PRC006,2316.8,1607.95,Pending,WellLife,07-09-2024
CLM270,P0270,PRC005,1015.18,954.24,Approved,HealthFirst,01-07-2024
CLM271,P0271,PRC004,1407.44,896.36,Pending,MediCare Plus,27-05-2024
CLM272,P0272,PRC005,1956.51,0,Denied,WellLife,28-01-2024
CLM273,P0273,PRC004,1959.69,1851.01,Approved,SafeHealth,09-02-2024
CLM274,P0274,PRC001,1349.15,0,Denied,HealthFirst,18-11-2024
CLM275,P0275,PRC001,1829.35,942.14,Pending,WellLife,15-02-2025
CLM276,P0276,PRC003,2244.1,1750.01,Pending,HealthFirst,28-12-2024
CLM277,P0277,PRC004,1637.84,1094.34,Pending,MediCare Plus,12-01-2024
CLM278,P0278,PRC006,1712.53,1440.7,Pending,HealthFirst,18-09-2024
CLM279,P0279,PRC003,2738.13,2516.91,Approved,MediCare Plus,28-09-2024
CLM280,P0280,PRC003,1936.3,1828.46,Approved,WellLife,23-12-2024
CLM281,P0281,PRC006,2664.87,2312.63,Pending,HealthFirst,21-05-2024
CLM282,P0282,PRC002,1321.99,0,Denied,HealthFirst,29-04-2024
CLM283,P0283,PRC004,2520.22,2456.76,Approved,SafeHealth,21-08-2024
CLM284,P0284,PRC002,1002.37,677.87,Pending,HealthFirst,06-01-2025
CLM285,P0285,PRC002,1312.08,1109.78,Approved,WellLife,15-12-2024
CLM286,P0286,PRC004,2026.06,1670.46,Pending,SafeHealth,22-11-2024
CLM287,P0287,PRC005,2221.9,2183.85,Approved,SafeHealth,02-01-2025
CLM288,P0288,PRC006,2758.34,2486.24,Approved,HealthFirst,13-03-2024
CLM289,P0289,PRC006,835.36,431.62,Pending,MediCare Plus,27-07-2024
CLM290,P0290,PRC006,2917.22,0,Denied,HealthFirst,20-06-2024
CLM291,P0291,PRC006,956.17,0,Denied,SafeHealth,23-09-2024
CLM292,P0292,PRC003,2840.67,0,Denied,HealthFirst,08-01-2024
CLM293,P0293,PRC002,2642.72,2461.99,Approved,SafeHealth,08-04-2024
CLM294,P0294,PRC006,1204.88,963.43,Pending,WellLife,29-02-2024
CLM295,P0295,PRC005,2260.19,1756.39,Pending,MediCare Plus,07-04-2024
CLM296,P0296,PRC004,1739.26,1563.35,Approved,MediCare Plus,22-09-2024
CLM297,P0297,PRC005,1125.98,575.63,Pending,SafeHealth,05-04-2024
CLM298,P0298,PRC003,1886.43,988.47,Pending,SafeHealth,06-02-2025
CLM299,P0299,PRC002,1732.55,893.7,Pending,SafeHealth,01-02-2025
CLM300,P0300,PRC005,1265.25,1083.62,Pending,SafeHealth,11-03-2025
CLM301,P0301,PRC002,1174.02,974.45,Approved,HealthFirst,08-06-2024
CLM302,P0302,PRC005,2797.66,2168.81,Pending,SafeHealth,21-02-2025
CLM303,P0303,PRC001,2817.16,1700.28,Pending,WellLife,17-01-2025
CLM304,P0304,PRC004,2257.92,1812.97,Approved,SafeHealth,10-01-2025
CLM305,P0305,PRC004,2195.42,2165.25,Approved,MediCare Plus,11-03-2024
CLM306,P0306,PRC002,2974.99,1846.89,Pending,SafeHealth,30-07-2024
CLM307,P0307,PRC006,1450.84,1167.56,Pending,SafeHealth,05-01-2025
CLM308,P0308,PRC003,1351.42,0,Denied,MediCare Plus,16-07-2024
CLM309,P0309,PRC006,1895.11,0,Denied,MediCare Plus,29-01-2025
CLM310,P0310,PRC002,1525.29,0,Denied,SafeHealth,30-01-2024
CLM311,P0311,PRC003,2998.37,0,Denied,HealthFirst,10-04-2024
CLM312,P0312,PRC004,2681.15,0,Denied,MediCare Plus,27-09-2024
CLM313,P0313,PRC004,1888.69,991.1,Pending,MediCare Plus,28-01-2024
CLM314,P0314,PRC006,2265.16,1790.02,Pending,MediCare Plus,12-10-2024
CLM315,P0315,PRC006,1952.18,1893.56,Approved,MediCare Plus,17-03-2025
CLM316,P0316,PRC003,2998.17,2847.25,Approved,SafeHealth,25-05-2024
CLM317,P0317,PRC006,1819.05,1007.16,Pending,HealthFirst,08-07-2024
CLM318,P0318,PRC002,1272.8,1058.74,Approved,SafeHealth,12-11-2024
CLM319,P0319,PRC006,2104.61,1928.52,Approved,HealthFirst,20-07-2024
CLM320,P0320,PRC001,1308.11,955.85,Pending,WellLife,13-12-2024
CLM321,P0321,PRC002,1166.42,1092.78,Approved,HealthFirst,15-06-2024
CLM322,P0322,PRC002,2588.3,2168.43,Approved,WellLife,02-12-2024
CLM323,P0323,PRC006,859.03,808.02,Approved,WellLife,19-09-2024
CLM324,P0324,PRC001,1683.87,1551.24,Approved,MediCare Plus,25-02-2024
CLM325,P0325,PRC005,1708.46,1449.64,Pending,HealthFirst,02-03-2025
CLM326,P0326,PRC003,2019.15,1717.12,Pending,SafeHealth,22-03-2024
CLM327,P0327,PRC004,2462.77,2208.88,Approved,MediCare Plus,29-11-2024
CLM328,P0328,PRC005,2562.83,0,Denied,WellLife,15-07-2024
CLM329,P0329,PRC001,2221.46,2101.69,Approved,HealthFirst,01-04-2024
CLM330,P0330,PRC006,2378.38,1926.68,Pending,WellLife,09-02-2024
CLM331,P0331,PRC005,2172.61,0,Denied,HealthFirst,19-04-2024
CLM332,P0332,PRC001,2302.7,2060.26,Approved,SafeHealth,26-03-2025
CLM333,P0333,PRC001,1040.11,0,Denied,HealthFirst,02-02-2025
CLM334,P0334,PRC002,2634.01,1598.63,Pending,MediCare Plus,06-02-2025
CLM335,P0335,PRC003,1301.3,1140.11,Pending,WellLife,10-01-2025
CLM336,P0336,PRC002,2924.74,2621.57,Pending,MediCare Plus,16-07-2024
CLM337,P0337,PRC003,1324.79,1229.32,Approved,SafeHealth,21-06-2024
CLM338,P0338,PRC002,2986.02,2242.61,Pending,MediCare Plus,24-03-2025
CLM339,P0339,PRC002,1068.83,929.93,Pending,SafeHealth,06-03-2025
CLM340,P0340,PRC002,2715.33,2221.54,Approved,HealthFirst,02-11-2024
CLM341,P0341,PRC002,893.25,528.41,Pending,SafeHealth,06-08-2024
CLM342,P0342,PRC001,1947.35,1928.24,Approved,SafeHealth,07-06-2024
CLM343,P0343,PRC002,856.12,753.75,Pending,SafeHealth,06-07-2024
CLM344,P0344,PRC002,833.74,695.9,Pending,WellLife,30-07-2024
CLM345,P0345,PRC003,909.8,0,Denied,MediCare Plus,21-03-2025
CLM346,P0346,PRC003,1645.18,1410.04,Approved,HealthFirst,24-02-2025
CLM347,P0347,PRC006,1860.72,1493.85,Approved,MediCare Plus,27-03-2025
CLM348,P0348,PRC005,1000.53,835.88,Approved,WellLife,05-01-2025
CLM349,P0349,PRC006,1534.88,1244.72,Pending,MediCare Plus,12-08-2024
CLM350,P0350,PRC002,1765.03,0,Denied,SafeHealth,06-08-2024
CLM351,P0351,PRC004,2979.31,2440.99,Approved,WellLife,12-09-2024
CLM352,P0352,PRC001,1602.9,982.15,Pending,MediCare Plus,20-04-2024
CLM353,P0353,PRC001,1025.31,0,Denied,HealthFirst,21-06-2024
CLM354,P0354,PRC004,2375.58,1929.29,Approved,HealthFirst,02-03-2024
CLM355,P0355,PRC004,905.38,882.11,Approved,SafeHealth,31-03-2025
CLM356,P0356,PRC005,2630.29,0,Denied,SafeHealth,21-02-2024
CLM357,P0357,PRC005,804.32,528.52,Pending,MediCare Plus,24-09-2024
CLM358,P0358,PRC001,1120.7,0,Denied,MediCare Plus,05-08-2024
CLM359,P0359,PRC001,1438.88,783.71,Pending,MediCare Plus,04-01-2024
CLM360,P0360,PRC006,1593.52,1392.26,Approved,WellLife,16-03-2025
CLM361,P0361,PRC004,2167.39,0,Denied,MediCare Plus,06-07-2024
CLM362,P0362,PRC006,870.33,701.36,Pending,MediCare Plus,01-04-2024
CLM363,P0363,PRC004,2687.62,1507.08,Pending,HealthFirst,21-10-2024
CLM364,P0364,PRC003,2057.33,1361.07,Pending,HealthFirst,15-04-2024
CLM365,P0365,PRC002,2027.99,0,Denied,HealthFirst,25-05-2024
CLM366,P0366,PRC003,1202.97,964.89,Approved,WellLife,15-01-2025
CLM367,P0367,PRC004,1366.26,0,Denied,SafeHealth,17-07-2024
CLM368,P0368,PRC006,2005.29,1655.56,Pending,SafeHealth,24-06-2024
CLM369,P0369,PRC002,986.89,856.01,Approved,WellLife,21-08-2024
CLM370,P0370,PRC005,1907.23,0,Denied,SafeHealth,18-03-2025
CLM371,P0371,PRC002,1722.84,0,Denied,MediCare Plus,24-10-2024
CLM372,P0372,PRC006,1603.53,0,Denied,WellLife,10-03-2025
CLM373,P0373,PRC001,1289.33,1114.43,Pending,SafeHealth,30-01-2024
CLM374,P0374,PRC003,1226.7,802.39,Pending,SafeHealth,30-11-2024
CLM375,P0375,PRC006,1956.4,1875.89,Approved,HealthFirst,27-01-2024
CLM376,P0376,PRC006,1126.62,1070.44,Approved,SafeHealth,08-10-2024
CLM377,P0377,PRC003,1236.63,995.44,Approved,HealthFirst,23-03-2025
CLM378,P0378,PRC002,1854.65,1714.21,Approved,WellLife,01-03-2024
CLM379,P0379,PRC002,2795.4,1874.91,Pending,SafeHealth,12-04-2024
CLM380,P0380,PRC006,1176.82,967.99,Approved,MediCare Plus,06-09-2024
CLM381,P0381,PRC005,1374.6,1132.77,Approved,SafeHealth,04-08-2024
CLM382,P0382,PRC005,2525.3,0,Denied,MediCare Plus,11-12-2024
CLM383,P0383,PRC001,1313.23,853.19,Pending,WellLife,31-03-2024
CLM384,P0384,PRC004,1293.9,0,Denied,HealthFirst,21-11-2024
CLM385,P0385,PRC006,814.07,746.49,Approved,MediCare Plus,19-01-2024
CLM386,P0386,PRC002,827.39,0,Denied,WellLife,06-09-2024
CLM387,P0387,PRC005,1671.17,1466.01,Approved,MediCare Plus,03-02-2024
CLM388,P0388,PRC005,1902.47,1656.94,Approved,WellLife,10-04-2024
CLM389,P0389,PRC004,2769.75,1656.48,Pending,SafeHealth,02-05-2024
CLM390,P0390,PRC004,1956.5,1807.89,Approved,SafeHealth,15-08-2024
CLM391,P0391,PRC002,1184.77,0,Denied,MediCare Plus,19-03-2024
CLM392,P0392,PRC003,1530.81,935.66,Pending,WellLife,08-03-2025
CLM393,P0393,PRC001,1635.32,0,Denied,MediCare Plus,17-03-2024
CLM394,P0394,PRC005,2423.28,2342.84,Approved,MediCare Plus,23-08-2024
CLM395,P0395,PRC004,2351.83,1357.33,Pending,WellLife,01-08-2024
CLM396,P0396,PRC004,1836.79,1732.16,Approved,HealthFirst,12-04-2024
CLM397,P0397,PRC005,1328.46,0,Denied,SafeHealth,07-04-2025
CLM398,P0398,PRC006,2187.36,0,Denied,MediCare Plus,08-09-2024
CLM399,P0399,PRC004,2411.69,1608.44,Pending,SafeHealth,08-09-2024
CLM400,P0400,PRC005,2266.54,1201.92,Pending,MediCare Plus,16-05-2024
CLM401,P0401,PRC003,1892.78,1576.86,Pending,SafeHealth,19-02-2024
CLM402,P0402,PRC001,1679.37,1390.08,Approved,SafeHealth,27-12-2024
CLM403,P0403,PRC002,2748.71,2235.96,Pending,MediCare Plus,18-03-2024
CLM404,P0404,PRC004,1081.26,674.11,Pending,MediCare Plus,05-09-2024
CLM405,P0405,PRC004,1511.53,1389.1,Approved,HealthFirst,14-01-2024
CLM406,P0406,PRC005,2185.27,0,Denied,MediCare Plus,08-02-2025
CLM407,P0407,PRC001,2759.78,0,Denied,HealthFirst,05-03-2024
CLM408,P0408,PRC001,1087.48,0,Denied,WellLife,19-05-2024
CLM409,P0409,PRC005,1320.92,847.24,Pending,MediCare Plus,11-01-2025
CLM410,P0410,PRC002,1133.53,934.46,Approved,HealthFirst,01-11-2024
CLM411,P0411,PRC001,1332.22,1101.55,Approved,SafeHealth,11-10-2024
CLM412,P0412,PRC006,2605.53,1618.99,Pending,HealthFirst,06-02-2024
CLM413,P0413,PRC004,2710.7,0,Denied,MediCare Plus,12-05-2024
CLM414,P0414,PRC001,1347.04,798.93,Pending,WellLife,03-11-2024
CLM415,P0415,PRC002,2084.29,2069.72,Approved,MediCare Plus,30-08-2024
CLM416,P0416,PRC003,935.58,807.28,Approved,WellLife,19-12-2024
CLM417,P0417,PRC006,1687.41,0,Denied,SafeHealth,24-10-2024
CLM418,P0418,PRC003,2912.01,2581.56,Approved,SafeHealth,28-03-2025
CLM419,P0419,PRC001,2149.69,1602.01,Pending,HealthFirst,19-11-2024
CLM420,P0420,PRC004,1241.57,0,Denied,HealthFirst,21-12-2024
CLM421,P0421,PRC002,2390.27,0,Denied,WellLife,15-07-2024
CLM422,P0422,PRC006,1989.01,0,Denied,SafeHealth,12-01-2025
CLM423,P0423,PRC003,1047.35,0,Denied,SafeHealth,06-07-2024
CLM424,P0424,PRC001,1443.42,0,Denied,WellLife,29-07-2024
CLM425,P0425,PRC002,1732.12,0,Denied,SafeHealth,13-12-2024
CLM426,P0426,PRC001,2224.84,2153.76,Approved,MediCare Plus,23-04-2024
CLM427,P0427,PRC006,2069.95,0,Denied,WellLife,14-03-2024
CLM428,P0428,PRC006,2401.3,2034.85,Approved,HealthFirst,19-08-2024
CLM429,P0429,PRC005,826.78,735.35,Pending,WellLife,23-03-2025
CLM430,P0430,PRC005,841.6,816.89,Approved,WellLife,27-11-2024
CLM431,P0431,PRC004,1795.3,0,Denied,MediCare Plus,10-03-2025
CLM432,P0432,PRC006,1946.56,1170.39,Pending,HealthFirst,04-08-2024
CLM433,P0433,PRC006,1242.75,0,Denied,HealthFirst,28-01-2024
CLM434,P0434,PRC003,1795.18,1774.06,Approved,WellLife,25-07-2024
CLM435,P0435,PRC003,2887.53,0,Denied,SafeHealth,05-05-2024
CLM436,P0436,PRC005,2841.34,1999.8,Pending,HealthFirst,04-04-2024
CLM437,P0437,PRC003,917.87,0,Denied,MediCare Plus,15-08-2024
CLM438,P0438,PRC005,2533.96,1615.57,Pending,SafeHealth,24-12-2024
CLM439,P0439,PRC003,1985.83,0,Denied,MediCare Plus,01-11-2024
CLM440,P0440,PRC001,2396.44,1946.32,Approved,MediCare Plus,11-04-2024
CLM441,P0441,PRC001,2715.68,0,Denied,WellLife,02-12-2024
CLM442,P0442,PRC005,2204.66,1919.04,Approved,WellLife,20-03-2024
CLM443,P0443,PRC002,1019.6,0,Denied,MediCare Plus,16-01-2025
CLM444,P0444,PRC001,1422.26,807.55,Pending,MediCare Plus,08-03-2025
CLM445,P0445,PRC006,1057.2,843.31,Pending,MediCare Plus,19-11-2024
CLM446,P0446,PRC004,2972.06,2694.44,Approved,WellLife,10-05-2024
CLM447,P0447,PRC004,1261.97,0,Denied,HealthFirst,02-06-2024
CLM448,P0448,PRC005,861.9,727.5,Pending,WellLife,28-07-2024
CLM449,P0449,PRC002,1584.73,1553.36,Approved,WellLife,27-03-2025
CLM450,P0450,PRC006,2398.1,1204.91,Pending,SafeHealth,23-03-2025
CLM451,P0451,PRC005,1338.92,1284.25,Approved,SafeHealth,04-12-2024
CLM452,P0452,PRC002,1034.64,959.79,Approved,WellLife,12-02-2024
CLM453,P0453,PRC001,947.96,0,Denied,HealthFirst,23-01-2025
CLM454,P0454,PRC006,1524.63,0,Denied,WellLife,23-02-2024
CLM455,P0455,PRC003,2980.09,2919.34,Approved,WellLife,09-04-2024
CLM456,P0456,PRC006,2367.48,1819.59,Pending,HealthFirst,29-12-2024
CLM457,P0457,PRC004,859,736.13,Pending,WellLife,09-02-2024
CLM458,P0458,PRC005,2189.54,1680.83,Pending,SafeHealth,16-09-2024
CLM459,P0459,PRC002,1245.45,1116.97,Approved,WellLife,26-10-2024
CLM460,P0460,PRC001,2936.22,1726.57,Pending,WellLife,01-11-2024
CLM461,P0461,PRC001,2656.24,2574.39,Approved,HealthFirst,24-01-2024
CLM462,P0462,PRC004,2629.62,2181.81,Approved,SafeHealth,17-07-2024
CLM463,P0463,PRC002,1865.93,1547.52,Approved,HealthFirst,20-01-2024
CLM464,P0464,PRC006,1416.75,0,Denied,SafeHealth,10-10-2024
CLM465,P0465,PRC002,1614.85,1325.98,Pending,MediCare Plus,09-01-2024
CLM466,P0466,PRC001,1795.1,0,Denied,SafeHealth,20-06-2024
CLM467,P0467,PRC005,1568.05,1487.55,Approved,SafeHealth,09-10-2024
CLM468,P0468,PRC004,894.56,554.88,Pending,MediCare Plus,01-09-2024
CLM469,P0469,PRC002,967.25,572.19,Pending,HealthFirst,25-02-2024
CLM470,P0470,PRC002,2921.04,2443.05,Approved,WellLife,16-04-2024
CLM471,P0471,PRC006,2188.79,2097.32,Approved,HealthFirst,19-02-2025
CLM472,P0472,PRC001,2008.95,1067.13,Pending,SafeHealth,30-03-2024
CLM473,P0473,PRC003,2260.57,1593.11,Pending,MediCare Plus,21-03-2024
CLM474,P0474,PRC002,1450.17,0,Denied,HealthFirst,16-03-2025
CLM475,P0475,PRC005,1079.76,0,Denied,WellLife,08-07-2024
CLM476,P0476,PRC006,1066.6,0,Denied,SafeHealth,16-10-2024
CLM477,P0477,PRC003,2630.51,1978.1,Pending,MediCare Plus,09-04-2024
CLM478,P0478,PRC006,2411.81,1431.43,Pending,HealthFirst,02-12-2024
CLM479,P0479,PRC005,2769.05,1447.13,Pending,HealthFirst,19-10-2024
CLM480,P0480,PRC005,2011.57,0,Denied,SafeHealth,12-01-2025
CLM481,P0481,PRC003,2920.15,0,Denied,WellLife,20-10-2024
CLM482,P0482,PRC002,2894.97,2153.83,Pending,HealthFirst,13-09-2024
CLM483,P0483,PRC002,1765.9,1462.54,Pending,WellLife,03-03-2024
CLM484,P0484,PRC003,2965.96,2148.23,Pending,HealthFirst,07-09-2024
CLM485,P0485,PRC006,1181.39,0,Denied,SafeHealth,24-01-2025
CLM486,P0486,PRC003,991.23,853.56,Pending,MediCare Plus,09-04-2024
CLM487,P0487,PRC001,1986.48,0,Denied,HealthFirst,14-08-2024
CLM488,P0488,PRC002,2116.42,1837.61,Approved,SafeHealth,13-02-2025
CLM489,P0489,PRC001,2681.11,1993.64,Pending,SafeHealth,19-08-2024
CLM490,P0490,PRC005,1546.31,0,Denied,HealthFirst,11-02-2025
CLM491,P0491,PRC005,939.69,929.83,Approved,SafeHealth,15-11-2024
CLM492,P0492,PRC002,2679.12,2179.6,Approved,MediCare Plus,10-02-2024
CLM493,P0493,PRC006,2839.53,2635.75,Approved,HealthFirst,24-10-2024
CLM494,P0494,PRC004,2315.11,1965.22,Approved,SafeHealth,13-06-2024
CLM495,P0495,PRC004,892.3,564.93,Pending,WellLife,11-04-2024
CLM496,P0496,PRC006,1518.95,1510.96,Approved,MediCare Plus,15-11-2024
CLM497,P0497,PRC001,1024.38,0,Denied,SafeHealth,02-07-2024
CLM498,P0498,PRC001,1546.64,1206.54,Pending,WellLife,08-02-2025
CLM499,P0499,PRC003,1937.4,1711.02,Approved,HealthFirst,02-08-2024
